time,producer-service-1_throughput,producer-service-2_throughput,producer-service-3_throughput,producer-service-4_throughput,producer-service-5_throughput,total_throughput,producer-service-1_latency,producer-service-2_latency,producer-service-3_latency,producer-service-4_latency,producer-service-5_latency,average_latency
2021-04-14T18:14:22.000Z,406,563,651,592,612,2824,1138.7660098522167,1195.113676731794,1181.110599078341,1178.6908783783783,1229.4771241830065,1184.6316576447473
2021-04-14T18:14:23.000Z,691,757,984,722,727,3881,425.4167872648336,473.44121532364596,437.890243902439,437.70775623268696,484.42916093535075,451.7770327317912
2021-04-14T18:14:24.000Z,795,889,784,869,877,4214,5.665408805031446,5.678290213723285,5.716836734693878,5.1542002301495975,5.768529076396807,5.596653011999003
2021-04-14T18:14:21.000Z,,1,1,1,,3,,2022,2016,2022,,2020
2021-04-14T18:14:25.000Z,988,1010.9999999999999,1004.9999999999999,1000,1029,5033,4.390688259109312,4.3897131552917905,4.172139303482587,4.485,4.428571428571429,4.373222429291023
2021-04-14T18:14:26.000Z,1309,1348,1249,1422,1236,6564,3.5156608097784567,3.599406528189911,3.176140912730184,3.488748241912799,3.540453074433657,3.4640819134090015
2021-04-14T18:14:27.000Z,1461,1639,1481,1596,1619,7796,2.595482546201232,2.5363026235509456,2.296421336934504,2.5651629072681703,2.5311920938851142,2.5049123015679933
2021-04-14T18:14:28.000Z,1594,1741,1644,1682,1630,8291,1.9962358845671266,1.9724296381390005,1.933698296836983,1.9732461355529132,1.9809815950920246,1.9713183100376095
2021-04-14T18:14:29.000Z,1493,1641,1526,1614,1555,7829,1.9745478901540523,1.9969530773918343,2.0445609436435124,1.990086741016109,1.9987138263665596,2.0009724957144135
2021-04-14T18:14:30.000Z,1499,1548,1409,1620,1449,7525,2.6757838559039357,2.6136950904392764,2.2001419446415897,2.68641975308642,2.6100759144237404,2.5572233116989924
2021-04-14T18:14:31.000Z,1775,1816,1783,1923,1709,9006,1.6692957746478874,1.7180616740088106,1.7134043746494672,1.6526261050442017,1.7337624341720304,1.697430072504479
2021-04-14T18:14:32.000Z,1858,1881,1792,1939,1768,9238,1.6587728740581271,1.63264221158958,1.6741071428571428,1.6467251160391954,1.6532805429864252,1.653105577506094
2021-04-14T18:14:33.000Z,1798,1960,1799,1908,1831,9296,1.6607341490545051,1.6280612244897958,1.6170094496942746,1.6362683438155137,1.624795193883124,1.6333736721874428
2021-04-14T18:14:34.000Z,1611,1881,1668,1735,1742,8637,1.8634388578522656,1.812333864965444,1.726019184652278,1.792507204610951,1.8088404133180254,1.8006279050797929
2021-04-14T18:14:35.000Z,1718,1862,1802,1835,1732,8949,1.6018626309662398,1.5912996777658432,1.590455049944506,1.5814713896457766,1.6108545034642032,1.5951886503573138
2021-04-14T18:14:36.000Z,1723,1801,1726,1832,1688,8770,1.665699361578642,1.6624097723486952,1.6958285052143685,1.6555676855895196,1.6901658767772512,1.6739342403016955
2021-04-14T18:14:37.000Z,1826,1935,1800,1966,1793,9320,1.5848849945235488,1.488888888888889,1.5127777777777778,1.5615462868769074,1.5153374233128833,1.5326870742760013
2021-04-14T18:14:38.000Z,1788,1948,1817,1913,1833,9299,1.7472035794183445,1.7222792607802875,1.5723720418271876,1.7041296393099843,1.6983087834151664,1.6888586609501943
2021-04-14T18:14:39.000Z,1840,1939,1837,2017,1841,9474,1.557608695652174,1.516761217122228,1.4986390854654328,1.519087754090233,1.5453557848995112,1.5274905074459157
2021-04-14T18:14:40.000Z,1874,2005.9999999999998,1871,2001,1879,9631,1.4738527214514408,1.4626121635094715,1.4430785676109033,1.4427786106946527,1.4768493879723257,1.4598342902477588
2021-04-14T18:14:41.000Z,1809,1914,1850,1942,1801,9316,1.5472636815920398,1.5020898641588296,1.541081081081081,1.5077239958805355,1.5391449194891726,1.5274607084403318
2021-04-14T18:14:42.000Z,1886,2013,1873,2035.0000000000002,1864,9671,1.451219512195122,1.4262295081967213,1.4522156967431927,1.4132678132678134,1.4356223175965666,1.435710969599883
2021-04-14T18:14:43.000Z,1806,1900,1801,1882,1816,9205,1.6483942414174972,1.6610526315789473,1.637978900610772,1.6402763018065887,1.6872246696035242,1.6549853490034656
2021-04-14T18:14:44.000Z,1887,1977,1851,1964,1862,9541,1.550079491255962,1.456752655538695,1.4467855213398164,1.4557026476578412,1.4790547798066596,1.4776750191197947
2021-04-14T18:14:45.000Z,1886,2016,1864,2003,1928,9697,1.3806998939554613,1.3685515873015872,1.4087982832618027,1.3864203694458312,1.4284232365145229,1.394578674095841
2021-04-14T18:14:46.000Z,1895,2035.0000000000002,1881,1993,1934,9738,1.4385224274406332,1.4024570024570024,1.4502923976608186,1.381836427496237,1.4327817993795242,1.4211780108868433
2021-04-14T18:14:47.000Z,1929,2033,1879,1986,1902,9729,1.3939865215137377,1.353172651254304,1.386907929749867,1.3690835850956697,1.3722397476340693,1.3750780870495294
2021-04-14T18:14:48.000Z,1890,2017,1904,2055,1868,9734,1.3825396825396825,1.3445711452652453,1.3849789915966386,1.3868613138686132,1.3640256959314776,1.3725953658403314
2021-04-14T18:14:49.000Z,1914,2066,1878,2013.9999999999998,1928,9800,1.3923719958202716,1.36108422071636,1.4121405750798721,1.3862959285004965,1.383298755186722,1.3870382950607445
2021-04-14T18:14:50.000Z,1886,1995,1912,1968,1870,9631,1.318663838812301,1.331328320802005,1.356694560669456,1.306910569105691,1.329946524064171,1.3287087626907248
2021-04-14T18:14:51.000Z,1865,1988,1876,2016,1886,9631,1.4123324396782841,1.3838028169014085,1.4418976545842217,1.4012896825396826,1.4056203605514317,1.4089885908510058
2021-04-14T18:14:52.000Z,1905,2050,1962,2012,1914,9843,1.326509186351706,1.3219512195121952,1.3318042813455657,1.309145129224652,1.3244514106583072,1.3227722454184854
2021-04-14T18:14:53.000Z,1893,1975,1844,1988,1855,9555,1.393555203380877,1.4237974683544303,1.4408893709327548,1.3651911468812876,1.4183288409703505,1.40835240610394
2021-04-14T18:14:54.000Z,1890,2024,1904,2008,1910,9736,1.3724867724867724,1.33201581027668,1.4038865546218486,1.3560756972111554,1.3706806282722512,1.3670290925737416
2021-04-14T18:14:55.000Z,1883,2005,1881,2004,1891,9664,1.390865639936272,1.372568578553616,1.3992557150451888,1.3787425149700598,1.4029613960867267,1.3888787689183724
2021-04-14T18:14:56.000Z,1900,2013,1900,2025.9999999999998,1916,9755,1.3752631578947367,1.366120218579235,1.3863157894736842,1.3588351431391905,1.3773486430062631,1.372776590418622
2021-04-14T18:14:57.000Z,1875,1989,1916,1975,1911,9666,1.3797333333333333,1.3745600804424334,1.3961377870563674,1.3610126582278481,1.3710099424385138,1.3764907602996992
2021-04-14T18:14:58.000Z,1878,1976,1867,1992,1854,9567,1.4637912673056444,1.4286437246963564,1.4402785216925549,1.4246987951807228,1.464940668824164,1.4444705955398884
2021-04-14T18:14:59.000Z,1910,2037.9999999999998,1945,2011.0000000000002,1890,9794,1.374869109947644,1.3601570166830226,1.3804627249357326,1.34808552958727,1.3724867724867724,1.3672122307280883
2021-04-14T18:15:00.000Z,1926,1997,1896,2008,1855,9682,1.4688473520249221,1.456184276414622,1.489451476793249,1.4447211155378485,1.4921832884097035,1.470277501836069
2021-04-14T18:15:01.000Z,1900,1995,1882,2000,1848,9625,1.4721052631578948,1.418546365914787,1.4851222104144528,1.469,1.4724025974025974,1.4634352873779464
2021-04-14T18:15:02.000Z,1918,1984,1909,2040,1819,9670,1.4640250260688217,1.469758064516129,1.4751178627553694,1.4509803921568627,1.4496976360637712,1.4619157963121907
2021-04-14T18:15:03.000Z,1865,1985,1926,1965,1902,9643,1.4058981233243968,1.3677581863979849,1.375908618899273,1.4030534351145039,1.3806519453207151,1.3866540618113747
2021-04-14T18:15:04.000Z,1864,1995,1838,1931,1898,9526,1.46137339055794,1.443107769423559,1.4787812840043526,1.4634904194717764,1.470495258166491,1.4634496243248236
2021-04-14T18:15:05.000Z,1922,1989,1834,2031.0000000000002,1884,9660,1.4713839750260145,1.4439416792357969,1.4738276990185386,1.4451009354997537,1.4723991507430998,1.4613306879046406
2021-04-14T18:15:06.000Z,1884,2013,1905,2011.0000000000002,1916,9729,1.384819532908705,1.3800298062593144,1.4010498687664041,1.3898557931377424,1.403444676409186,1.3918399354962703
2021-04-14T18:15:07.000Z,1831,2021.9999999999998,1909,1968,1870,9600,1.4145275805570727,1.3798219584569733,1.427972760607648,1.3785569105691058,1.4219251336898395,1.404560868776128
2021-04-14T18:15:08.000Z,1904,2059,1928,2035.0000000000002,1886,9812,1.4017857142857142,1.3885381253035454,1.4237551867219918,1.3832923832923834,1.414103923647932,1.4022950666503133
2021-04-14T18:15:09.000Z,1913,2041.9999999999998,1827,2013.9999999999998,1907,9703,1.444328280188186,1.4167482859941234,1.4652435686918446,1.4056603773584906,1.4347142108023072,1.4333389446069904
2021-04-14T18:15:10.000Z,1893,2021.9999999999998,1918,1992,1877,9702,1.3718964606444797,1.3541048466864491,1.370177267987487,1.3514056224899598,1.3686734150239743,1.36325152256647
2021-04-14T18:15:11.000Z,1880,2015.0000000000002,1867,2021.9999999999998,1881,9665,1.4196808510638297,1.422332506203474,1.485270487412962,1.4090009891196835,1.4481658692185009,1.43689014060369
2021-04-14T18:15:12.000Z,1920,2032,1922,2036,1930,9840,1.40625,1.3715551181102361,1.4125910509885535,1.3727897838899803,1.388082901554404,1.390253770908635
2021-04-14T18:15:13.000Z,1926,2007.0000000000002,1902,2021.9999999999998,1893,9750,1.3920041536863967,1.3761833582461385,1.422187171398528,1.367457962413452,1.387216059165346,1.3890097409819722
2021-04-14T18:15:14.000Z,1899,2043.0000000000002,1924,2023.0000000000002,1922,9811,1.353870458135861,1.3308859520313265,1.3664241164241164,1.3475037073652991,1.369927159209157,1.3537222786331522
2021-04-14T18:15:15.000Z,1919,2005,1896,2012,1890,9722,1.3262115685252736,1.342643391521197,1.3823839662447257,1.3086481113320079,1.3417989417989418,1.3403371958844292
2021-04-14T18:15:16.000Z,1892,1997,1898,2055,1846,9688,1.3594080338266386,1.355533299949925,1.3661749209694416,1.3630170316301704,1.361863488624052,1.3611993550000456
2021-04-14T18:15:17.000Z,1925,2036,1879,1981,1917,9738,1.3542857142857143,1.3433202357563852,1.386907929749867,1.3387178192831903,1.365153886280647,1.357677117071161
2021-04-14T18:15:18.000Z,1921,2013.9999999999998,1895,1986,1918,9734,1.385736595523165,1.3316782522343595,1.384168865435356,1.3716012084592144,1.3712200208550573,1.3688809885014304
2021-04-14T18:15:19.000Z,1939,2041.9999999999998,1928,2040,1912,9861,1.3831872099020113,1.362879529872674,1.4170124481327802,1.365686274509804,1.3990585774058577,1.3855648079646252
2021-04-14T18:15:20.000Z,1914,2009.9999999999998,1903,1982,1832,9641,1.3662486938349008,1.3507462686567164,1.3983184445612191,1.3254288597376387,1.3646288209606987,1.3610742175502348
2021-04-14T18:15:21.000Z,1860,2017,1872,1987,1896,9632,1.3865591397849462,1.3991075855230541,1.420940170940171,1.373427277302466,1.3945147679324894,1.3949097882966253
2021-04-14T18:15:22.000Z,1965,2044,1940,2041.9999999999998,1907,9898,1.3740458015267176,1.3346379647749511,1.409278350515464,1.3574926542605288,1.372836916622968,1.3696583375401261
2021-04-14T18:15:23.000Z,1897,1992,1868,1999,1871,9627,1.3937796520822352,1.3765060240963856,1.405781584582441,1.3661830915457729,1.413148049171566,1.3910796802956802
2021-04-14T18:15:24.000Z,1918,2028,1896,2039.0000000000002,1912,9793,1.3993743482794578,1.3890532544378698,1.4309071729957805,1.3967631191760668,1.4021966527196652,1.4036589095217678
2021-04-14T18:15:25.000Z,1899,1955,1865,2005.9999999999998,1829,9554,1.4123222748815165,1.3728900255754475,1.4048257372654156,1.3664007976071784,1.4013121924548935,1.3915502055568902
2021-04-14T18:15:26.000Z,1898,2005,1859,2003,1850,9615,1.4299262381454163,1.3785536159600997,1.4098977945131792,1.4048926610084873,1.4054054054054055,1.4057351430065175
2021-04-14T18:15:27.000Z,1852,1956,1839,1974,1834,9455,1.4341252699784017,1.4084867075664622,1.4279499728113105,1.3971631205673758,1.4422028353326064,1.4219855812512314
2021-04-14T18:15:28.000Z,1884,1957,1899,1955,1848,9543,1.45276008492569,1.4128768523249873,1.496050552922591,1.4414322250639386,1.49512987012987,1.4596499170734154
2021-04-14T18:15:29.000Z,1887,2028,1894,2013,1863,9685,1.3656597774244834,1.3387573964497042,1.3912354804646252,1.3467461500248386,1.3585614600107354,1.3601920528748772
2021-04-14T18:15:30.000Z,1929,2017.9999999999998,1925,2028,1884,9784,1.387765681700363,1.3711595639246779,1.3968831168831168,1.356015779092702,1.349787685774947,1.3723223654751613
2021-04-14T18:15:31.000Z,1879,2066,1853,2008,1928,9734,1.5013304949441193,1.479670861568248,1.4538586076632487,1.4477091633466135,1.4937759336099585,1.4752690122264376
2021-04-14T18:15:32.000Z,1927,2064,1897,2020,1894,9802,1.3611831862999482,1.3464147286821706,1.3879810226673694,1.3391089108910892,1.350052798310454,1.3569481293702064
2021-04-14T18:15:33.000Z,1861,2009.9999999999998,1898,2004,1876,9649,1.4040838259000537,1.3781094527363185,1.434668071654373,1.3947105788423153,1.4248400852878464,1.4072824028841815
2021-04-14T18:15:34.000Z,1885,1992,1857,1997,1872,9603,1.4137931034482758,1.4066265060240963,1.4550350026925147,1.3895843765648472,1.422542735042735,1.4175163447544938
2021-04-14T18:15:35.000Z,1883,1996,1926,2009,1829,9643,1.4413170472650028,1.4038076152304608,1.4231568016614746,1.412643106022897,1.448332422088573,1.4258513984536818
2021-04-14T18:15:36.000Z,1838,2032,1905,1976,1859,9610,1.4249183895538629,1.4197834645669292,1.4624671916010499,1.4048582995951417,1.444862829478214,1.4313780349590395
2021-04-14T18:15:37.000Z,1871,1979,1899,2009.9999999999998,1831,9590,1.373597006948156,1.3668519454269834,1.3896787783043707,1.353731343283582,1.391589295466958,1.3750896738860099
2021-04-14T18:15:38.000Z,1818,2001.9999999999998,1860,1969,1862,9511,1.5599559955995599,1.5124875124875126,1.5553763440860215,1.4916201117318435,1.5515574650912998,1.5341994857992476
2021-04-14T18:15:39.000Z,1888,2024,1944,2003,1894,9753,1.4094279661016949,1.3641304347826086,1.4274691358024691,1.3699450823764354,1.382259767687434,1.3906464773501286
2021-04-14T18:15:40.000Z,1886,1948,1864,2012,1879,9589,1.511134676564157,1.5246406570841888,1.5472103004291846,1.5059642147117296,1.5455029270888772,1.5268905551756273
2021-04-14T18:15:41.000Z,1898,1965,1899,2007.0000000000002,1857,9626,1.4383561643835616,1.3903307888040712,1.4318062137967351,1.4170403587443947,1.4184168012924072,1.419190065404234
2021-04-14T18:15:42.000Z,1875,2035.0000000000002,1894,1999,1926,9729,1.4693333333333334,1.42997542997543,1.489440337909187,1.447223611805903,1.4465212876427829,1.4564988001333272
2021-04-14T18:15:43.000Z,1882,2039.0000000000002,1893,2011.0000000000002,1905,9730,1.403825717321998,1.3727317312408043,1.433703116745906,1.3968175037294879,1.4278215223097113,1.4069799182695815
2021-04-14T18:15:44.000Z,1856,2056,1907,2016,1920,9755,1.3604525862068966,1.3365758754863812,1.3896171997902464,1.3432539682539681,1.3557291666666667,1.357125759280832
2021-04-14T18:15:45.000Z,1919,2065,1913,2033,1925,9855,1.4215737363210006,1.394188861985472,1.4448510193413486,1.4121987211018199,1.4342857142857144,1.4214196106070711
2021-04-14T18:15:46.000Z,1883,2033.9999999999998,1896,1992,1874,9679,1.4195432819968137,1.408062930186824,1.4140295358649788,1.3985943775100402,1.4167556029882604,1.4113971457093835
2021-04-14T18:15:47.000Z,1898,2027.0000000000002,1933,2021.9999999999998,1902,9782,1.4141201264488936,1.3665515540207203,1.413347128815313,1.3818001978239367,1.4032597266035751,1.3958157467424877
2021-04-14T18:15:48.000Z,1869,1967,1858,2008,1821,9523,1.4226859283039057,1.4026436197254704,1.431108719052745,1.4108565737051793,1.456342668863262,1.4247275019301124
2021-04-14T18:15:49.000Z,1901,2028,1862,1992,1891,9674,1.5228826933193056,1.4891518737672584,1.516111707841031,1.5040160642570282,1.4976203067160232,1.5059565291801291
2021-04-14T18:15:50.000Z,1903,1998,1896,1975,1865,9637,1.3904361534419338,1.36986986986987,1.4077004219409284,1.3660759493670886,1.383378016085791,1.3834920821411223
2021-04-14T18:15:51.000Z,1943,2021.9999999999998,1910,2063,1907,9845,1.3633556356150283,1.315034619188922,1.3696335078534032,1.3349491032476974,1.3434714210802308,1.345288857397056
2021-04-14T18:15:52.000Z,1891,2048,1882,2008,1902,9731,1.3770491803278688,1.37060546875,1.416046758767269,1.3690239043824701,1.3743427970557307,1.3814136218566677
2021-04-14T18:15:53.000Z,1895,2005,1898,2039.0000000000002,1878,9715,1.3968337730870712,1.372568578553616,1.4051633298208641,1.3889161353604709,1.4142705005324814,1.3955504634709008
2021-04-14T18:15:54.000Z,1901,2017,1895,1983,1881,9677,1.4076801683324567,1.3901834407535945,1.4226912928759894,1.3867876954109934,1.4178628389154706,1.405041087257701
2021-04-14T18:15:55.000Z,1908,2017,1897,1996,1895,9713,1.3972746331236898,1.3713435795736242,1.4064312071692147,1.3577154308617234,1.3609498680738785,1.3787429437604262
2021-04-14T18:15:56.000Z,1901,2007.0000000000002,1890,1993,1899,9690,1.394529195160442,1.3627304434479321,1.4074074074074074,1.3527345709984948,1.3959978936282254,1.3826799021285001
2021-04-14T18:15:57.000Z,1867,2009,1904,1952,1878,9610,1.4172469201928226,1.3992035838725734,1.4217436974789917,1.408811475409836,1.431842385516507,1.4157696124941463
2021-04-14T18:15:58.000Z,1906,2054,1916,2060,1950,9886,1.410283315844701,1.4006815968841286,1.4457202505219207,1.3927184466019418,1.425128205128205,1.4149063629961796
2021-04-14T18:15:59.000Z,1857,1963,1875,1993,1872,9560,1.5869682283252557,1.5843097300050943,1.5530666666666666,1.5775213246362267,1.6004273504273505,1.5804586600121187
2021-04-14T18:16:00.000Z,1888,2015.0000000000002,1918,1986,1916,9723,1.4152542372881356,1.4054590570719603,1.451511991657977,1.4133937562940584,1.4525052192066805,1.4276248523037625
2021-04-14T18:16:01.000Z,1869,1984,1914,2031.0000000000002,1884,9682,1.4114499732477261,1.4269153225806452,1.4655172413793103,1.4268833087149189,1.454352441613588,1.4370236575072375
2021-04-14T18:16:02.000Z,1854,1996,1892,1990,1904,9636,1.4870550161812297,1.4443887775551103,1.5137420718816068,1.4844221105527637,1.4858193277310925,1.4830854607803605
2021-04-14T18:16:03.000Z,1853,2043.0000000000002,1887,1979,1905,9667,1.4473826227738802,1.4488497307880568,1.4859565447800742,1.4295098534613442,1.4971128608923885,1.4617623225391487
2021-04-14T18:16:04.000Z,1909,2020,1928,2020,1883,9760,1.3724463069669983,1.3504950495049506,1.3998962655601659,1.35,1.3802442910249602,1.370616382611415
2021-04-14T18:16:05.000Z,1941,2045.9999999999998,1902,2067,1921,9877,1.4028851107676454,1.369012707722385,1.4169295478443744,1.3599419448476053,1.3846954711087975,1.3866929564581614
2021-04-14T18:16:06.000Z,1879,2047.0000000000002,1908,1979,1901,9714,1.38850452368281,1.348314606741573,1.3946540880503144,1.3582617483577564,1.3692793266701735,1.3718028587005255
2021-04-14T18:16:07.000Z,1895,2015.0000000000002,1879,2011.0000000000002,1928,9728,1.4047493403693931,1.369727047146402,1.4369345396487494,1.3684733963202387,1.4128630705394192,1.3985494788048407
2021-04-14T18:16:08.000Z,1846,1996,1891,1977,1896,9606,1.4306608884073673,1.3917835671342684,1.4230565838180858,1.4253920080930702,1.409282700421941,1.4160351495749466
2021-04-14T18:16:09.000Z,1915,2000,1885,2029,1921,9750,1.5049608355091384,1.4335,1.4742705570291776,1.4647609659931,1.4534096824570537,1.466180408197694
2021-04-14T18:16:10.000Z,1907,2037.9999999999998,1946,2005,1905,9801,1.3759832197168327,1.3832188420019627,1.4378211716341214,1.3775561097256859,1.4020997375328084,1.3953358161222824
2021-04-14T18:16:11.000Z,1850,2013,1860,1960,1865,9548,1.6167567567567567,1.553899652260308,1.5806451612903225,1.614795918367347,1.5941018766756032,1.5920398730700676
2021-04-14T18:16:12.000Z,1918,1977,1895,2054,1835,9679,1.481230448383733,1.485078401618614,1.520316622691293,1.4561830574488803,1.4975476839237056,1.4880712428132454
2021-04-14T18:16:13.000Z,1911,1962,1885,1971,1856,9585,1.4060701203558346,1.3802242609582058,1.4413793103448276,1.4018264840182648,1.4229525862068966,1.410490552376806
2021-04-14T18:16:14.000Z,1902,2020,1896,2039.0000000000002,1898,9755,1.6004206098843323,1.6034653465346536,1.483649789029536,1.575282000980873,1.613804004214963,1.5753243501288714
2021-04-14T18:16:15.000Z,1897,2037.9999999999998,1870,2025,1929,9759,1.503426462836057,1.4489695780176644,1.4342245989304814,1.4745679012345678,1.4670813893208916,1.4656539860679325
2021-04-14T18:16:16.000Z,1909,1979,1865,2039.0000000000002,1868,9660,1.43006809848088,1.3906013137948459,1.441823056300268,1.4144188327611575,1.4218415417558887,1.419750568618608
2021-04-14T18:16:17.000Z,1920,2043.0000000000002,1916,2004,1917,9800,1.5140625,1.4958394517865883,1.533402922755741,1.499500998003992,1.4960876369327074,1.5077787018958058
2021-04-14T18:16:18.000Z,1863,2017,1880,2017.9999999999998,1898,9676,1.4245840042941493,1.4258800198314328,1.451063829787234,1.4281466798810705,1.4383561643835616,1.4336061396354896
2021-04-14T18:16:19.000Z,1852,1994,1874,1992,1854,9566,1.486501079913607,1.4247743229689067,1.4850586979722518,1.461847389558233,1.4838187702265373,1.4684000521279073
2021-04-14T18:16:20.000Z,1895,1951,1840,1997,1793,9476,1.5182058047493403,1.4618144541260891,1.4809782608695652,1.486730095142714,1.464026770775237,1.4823510771325892
2021-04-14T18:16:21.000Z,1815,1975,1887,1984,1873,9534,1.4308539944903582,1.3827848101265823,1.3900370959194488,1.3891129032258065,1.4169781099839829,1.4019533827492356
2021-04-14T18:16:22.000Z,1885,2003,1877,2009,1852,9626,1.3920424403183025,1.3864203694458312,1.4235482152370804,1.3698357391737184,1.3990280777537798,1.3941749683857423
2021-04-14T18:16:23.000Z,1938,2033,1961,2041.9999999999998,1926,9900,1.3581011351909185,1.3334972946384653,1.3640999490056094,1.3339862879529873,1.3515057113187954,1.3482380756213552
2021-04-14T18:16:24.000Z,1878,2033,1819,2007.0000000000002,1878,9615,1.47444089456869,1.4146581406788,1.4837822979659154,1.4434479322371698,1.4201277955271565,1.4472914121955465
2021-04-14T18:16:25.000Z,1898,2035.0000000000002,1910,2035.0000000000002,1882,9760,1.4531085353003161,1.4167076167076167,1.4460732984293194,1.4054054054054055,1.4675876726886292,1.4377765057062573
2021-04-14T18:16:26.000Z,1861,2009.9999999999998,1890,2009.9999999999998,1875,9646,1.4250403009134873,1.3925373134328358,1.434920634920635,1.373134328358209,1.4096,1.4070465155250333
2021-04-14T18:16:27.000Z,1860,2013,1908,1974,1891,9646,1.467741935483871,1.4391455538996523,1.470125786163522,1.4321175278622087,1.4780539397144368,1.4574369486247383
2021-04-14T18:16:28.000Z,1868,2033.9999999999998,1884,1996,1868,9650,1.5224839400428265,1.4906588003933137,1.4309978768577494,1.4819639278557115,1.5069593147751605,1.4866127719849525
2021-04-14T18:16:29.000Z,1849,1948,1832,1940,1834,9403,1.6041103299080584,1.5780287474332648,1.5676855895196506,1.6242268041237113,1.5899672846237731,1.5928037511216917
2021-04-14T18:16:30.000Z,1945,2016,1898,2007.0000000000002,1891,9757,1.4200514138817482,1.408234126984127,1.4510010537407798,1.406576980568012,1.438921205711264,1.424956956177186
2021-04-14T18:16:31.000Z,1894,2025,1880,2016,1902,9717,1.6298838437170011,1.6306172839506172,1.5281914893617021,1.5788690476190477,1.6782334384858044,1.6091590206268342
2021-04-14T18:16:32.000Z,1904,2037.9999999999998,1892,2021,1916,9771,1.3907563025210083,1.3631010794896958,1.4059196617336152,1.3404255319148937,1.394572025052192,1.3789549201422808
2021-04-14T18:16:33.000Z,1929,2001,1889,2016,1913,9748,1.4416796267496113,1.4042978510744628,1.4854420328215987,1.4092261904761905,1.4500784108729743,1.4381448223989675
2021-04-14T18:16:34.000Z,1906,2047.0000000000002,1886,2003,1903,9745,1.4669464847848899,1.4518808011724476,1.5079533404029692,1.4613080379430854,1.4440357330530742,1.4664248794712933
2021-04-14T18:16:35.000Z,1879,2021.9999999999998,1932,2001,1922,9756,1.457690260777009,1.4258160237388724,1.4611801242236024,1.4137931034482758,1.449531737773153,1.4416022499921826
2021-04-14T18:16:36.000Z,1861,2021,1914,1999,1926,9721,1.4083825900053735,1.3701138050470065,1.4446185997910135,1.3966983491745872,1.4371754932502596,1.4113977674536482
2021-04-14T18:16:37.000Z,1883,2007.0000000000002,1908,1999,1896,9693,1.4259160913436006,1.4050822122571,1.4376310272536688,1.4062031015507754,1.4303797468354431,1.4210424358481177
2021-04-14T18:16:38.000Z,1908,1959,1883,2053,1849,9652,1.420859538784067,1.3925472179683511,1.4211364843335104,1.3916220165611302,1.4121146565711196,1.4076559828436355
2021-04-14T18:16:39.000Z,1921,2055,1959,1998,1924,9857,1.363872982821447,1.3012165450121655,1.3608984175599796,1.3258258258258258,1.3435550935550935,1.3390737729549023
2021-04-14T18:16:40.000Z,1919,2017,1909,2041.9999999999998,1881,9768,1.409067222511725,1.3926623698562222,1.4368779465688841,1.390303623898139,1.4035087719298245,1.4064839869529588
2021-04-14T18:16:41.000Z,1907,1980,1784,2017.9999999999998,1867,9556,1.5668589407446252,1.553030303030303,1.445067264573991,1.5317145688800793,1.5618639528655598,1.5317070060189115
2021-04-14T18:16:42.000Z,1887,2003,1933,2008,1915,9746,1.4032856385797563,1.382426360459311,1.4014485256078635,1.3874501992031874,1.412532637075718,1.3974286721851672
2021-04-14T18:16:43.000Z,1842,1990,1901,1980,1888,9601,1.3865363735070575,1.3587939698492462,1.4018937401367702,1.3636363636363635,1.3739406779661016,1.3769602250191078
2021-04-14T18:16:44.000Z,1897,2031.0000000000002,1908,2015.0000000000002,1887,9738,1.400632577754349,1.3766617429837518,1.4056603773584906,1.367741935483871,1.40646528881823,1.3914323844797383
2021-04-14T18:16:45.000Z,1911,2007.0000000000002,1877,1999,1890,9684,1.3668236525379382,1.3736920777279522,1.4123601491742142,1.354177088544272,1.3925925925925926,1.3799291121153938
2021-04-14T18:16:46.000Z,1922,2040,1878,1958,1919,9717,1.4703433922996878,1.4186274509803922,1.4366347177848775,1.4581205311542391,1.460656591974987,1.4488765368388368
2021-04-14T18:16:47.000Z,1869,1991,1889,1982,1889,9620,1.4574638844301766,1.408839779005525,1.451561672842774,1.432896064581231,1.4547379565907887,1.441099871490099
2021-04-14T18:16:48.000Z,1907,2035.0000000000002,1912,1989,1924,9767,1.3953854221289985,1.3808353808353808,1.422071129707113,1.379587732528909,1.4012474012474012,1.3958254132895604
2021-04-14T18:16:49.000Z,1868,2020,1902,1973,1884,9647,1.4400428265524625,1.4247524752475247,1.4589905362776026,1.4196654840344654,1.4538216560509554,1.439454595632602
2021-04-14T18:16:50.000Z,1855,2005.9999999999998,1857,1973,1858,9549,1.4350404312668463,1.3693918245264207,1.3850296176628971,1.4095286365940192,1.3918191603875134,1.3981619340875393
2021-04-14T18:16:51.000Z,1872,2045.9999999999998,1949,1973,1904,9744,1.393162393162393,1.366080156402737,1.418163160595177,1.3649265078560568,1.3902310924369747,1.3865126620906678
2021-04-14T18:16:52.000Z,1920,2024,1925,2016,1895,9780,1.3416666666666666,1.3171936758893281,1.358961038961039,1.3293650793650793,1.3546174142480212,1.3403607750260267
2021-04-14T18:16:53.000Z,1875,1994,1915,2023.0000000000002,1857,9664,1.4053333333333333,1.380641925777332,1.418798955613577,1.3860603064755315,1.3979536887452881,1.3977576419890123
2021-04-14T18:16:54.000Z,1881,1988,1899,2013.9999999999998,1841,9623,1.388623072833599,1.380784708249497,1.3981042654028435,1.368421052631579,1.4193373166757197,1.3910540831586478
2021-04-14T18:16:55.000Z,1866,2004,1891,1986,1865,9612,1.45016077170418,1.4401197604790419,1.4727657324167107,1.4244712990936557,1.4573726541554959,1.4489780435698165
2021-04-14T18:16:56.000Z,1903,2033,1905,2021.9999999999998,1893,9756,1.374671571203363,1.350713231677324,1.3748031496062991,1.3570722057368942,1.376650818806128,1.3667821954060018
2021-04-14T18:16:57.000Z,1921,2041,1937,2017,1904,9820,1.3867777199375326,1.3914747672709455,1.4093959731543624,1.3569657907783836,1.4002100840336134,1.3889648670349675
2021-04-14T18:16:58.000Z,1907,1975,1872,2015.0000000000002,1862,9631,1.4147876245411641,1.408607594936709,1.4503205128205128,1.4069478908188586,1.4548872180451127,1.4271101682324714
2021-04-14T18:16:59.000Z,1873,1927,1848,1986,1847,9481,1.4543513080619328,1.449922158796056,1.4182900432900434,1.4305135951661632,1.4694098538170006,1.4444973918262392
2021-04-14T18:17:00.000Z,1926,1994,1844,1983,1869,9616,1.4911734164070614,1.4889669007021062,1.4571583514099784,1.4820978315683309,1.510968432316747,1.4860729864808448
2021-04-14T18:17:01.000Z,1905,2011.0000000000002,1878,2005,1888,9687,1.4010498687664041,1.371456986573844,1.4073482428115016,1.3930174563591022,1.4030720338983051,1.3951889176818315
2021-04-14T18:17:02.000Z,1871,1996,1914,1980,1873,9634,1.376269374665954,1.37374749498998,1.3918495297805642,1.3464646464646464,1.407901761879338,1.3792465615560965
2021-04-14T18:17:03.000Z,1857,2025,1869,1968,1859,9578,1.4674205708131394,1.4370370370370371,1.4542536115569824,1.4344512195121952,1.4529316837009145,1.4492188245240538
2021-04-14T18:17:04.000Z,1891,1951,1895,2001.9999999999998,1840,9579,1.4674775251189847,1.452588416196822,1.4643799472295516,1.4505494505494505,1.4706521739130434,1.4611295026015705
2021-04-14T18:17:05.000Z,1863,2013,1905,2027.0000000000002,1877,9685,1.3870101986044014,1.357178340784898,1.404724409448819,1.367044893931919,1.3867874267448055,1.3805490539029686
2021-04-14T18:17:06.000Z,1910,2051,1889,2058,1890,9798,1.4837696335078534,1.454900048756704,1.4923239809422975,1.444120505344995,1.4126984126984128,1.4575625162500527
2021-04-14T18:17:07.000Z,1932,1997,1941,2017.9999999999998,1883,9771,1.3674948240165632,1.3620430645968953,1.3946419371458012,1.3528245787908821,1.3749336165693042,1.3703876042238892
2021-04-14T18:17:08.000Z,1875,1991,1867,2001,1907,9641,1.4298666666666666,1.4264188849824209,1.449384038564542,1.4137931034482758,1.4347142108023072,1.4308353808928422
2021-04-14T18:17:09.000Z,1872,2061,1921,2024,1948,9826,1.3819444444444444,1.3672974284327997,1.3997917751171265,1.3641304347826086,1.4009240246406571,1.3828176214835273
2021-04-14T18:17:10.000Z,1894,2029.9999999999998,1905,2031.0000000000002,1907,9767,1.4181626187961984,1.3876847290640395,1.4304461942257218,1.3938946331856228,1.4011536444677504,1.4062683639478666
2021-04-14T18:17:11.000Z,1933,2025,1899,2021.9999999999998,1887,9766,1.470770822555613,1.4296296296296296,1.4776197998946814,1.4198813056379822,1.4509803921568627,1.449776389974954
2021-04-14T18:17:12.000Z,1829,1966,1866,1979,1831,9471,1.4171678512848551,1.3992878942014242,1.409967845659164,1.3845376452753917,1.43200436919716,1.408593121123599
2021-04-14T18:17:13.000Z,1858,2063,1872,2025,1913,9731,1.4364908503767493,1.4066892874454677,1.4353632478632479,1.4153086419753087,1.4391008886565604,1.4265905832634669
2021-04-14T18:17:14.000Z,1918,2049,1922,1986,1945,9820,1.4092805005213764,1.3635919960956564,1.4235171696149844,1.3851963746223566,1.4066838046272494,1.3976539690963246
2021-04-14T18:17:15.000Z,1914,2024,1914,2037,1900,9789,1.4618599791013585,1.4372529644268774,1.4822361546499478,1.4536082474226804,1.438421052631579,1.4546756796464888
2021-04-14T18:17:16.000Z,1844,1956,1875,1952,1807,9434,1.4636659436008677,1.4314928425357873,1.4501333333333333,1.444672131147541,1.4410625345877144,1.4462053570410487
2021-04-14T18:17:17.000Z,1905,2033,1899,2021,1918,9776,1.4593175853018372,1.4466305951795377,1.4665613480779358,1.446313706086096,1.4744525547445255,1.4586551578779865
2021-04-14T18:17:18.000Z,1933,2021,1934,2037.9999999999998,1909,9835,1.387997930677703,1.3711034141514102,1.4167528438469492,1.3493621197252208,1.390256678889471,1.3830945974581508
2021-04-14T18:17:19.000Z,1899,2007.0000000000002,1894,1988,1901,9689,1.4017904160084256,1.393622321873443,1.4361140443505809,1.3797786720321932,1.4208311415044714,1.4064273191538228
2021-04-14T18:17:20.000Z,1911,1997,1971,2050,1916,9845,1.4222919937205651,1.3885828743114672,1.4647387113140538,1.4,1.4352818371607516,1.4221790833013674
2021-04-14T18:17:21.000Z,1837,1948,1859,1957,1839,9440,1.4986390854654328,1.5811088295687885,1.6966110812264659,1.4828819621870208,1.6313213703099512,1.5781124657515317
2021-04-14T18:17:22.000Z,1899,2041.9999999999998,1929,1985,1925,9780,1.4133754607688258,1.386875612144956,1.4178330741316745,1.3838790931989924,1.4103896103896103,1.4024705701268116
2021-04-14T18:17:23.000Z,1927,2025.9999999999998,1919,2032,1897,9801,1.3648157758173327,1.3548864758144126,1.382490880667014,1.3464566929133859,1.3684765419082763,1.3634252734240841
2021-04-14T18:17:24.000Z,1918,2005.9999999999998,1926,2005,1887,9742,1.3587069864442127,1.3305084745762712,1.4106957424714435,1.3461346633416458,1.3810280869104399,1.3654147907488028
2021-04-14T18:17:25.000Z,1940,2037.9999999999998,1906,2045,1912,9841,1.3618556701030928,1.3429833169774288,1.3950682056663168,1.3476772616136918,1.3838912133891212,1.3662951335499305
2021-04-14T18:17:26.000Z,1859,2025,1865,1986,1914,9649,1.3641742872512104,1.3812345679012346,1.4144772117962467,1.3705941591137967,1.4211076280041797,1.3903175708133335
2021-04-14T18:17:27.000Z,1946,2015.0000000000002,1907,2039.0000000000002,1938,9845,1.5472764645426516,1.5101736972704716,1.5317252228631357,1.523786169691025,1.545407636738906,1.531673838221238
2021-04-14T18:17:28.000Z,1868,2001.9999999999998,1864,1975,1893,9602,1.4223768736616702,1.411088911088911,1.4458154506437768,1.4111392405063292,1.426835710512414,1.4234512372826202
2021-04-14T18:17:29.000Z,1878,2027.0000000000002,1930,2008,1914,9757,1.4408945686900958,1.4084854464726195,1.4430051813471503,1.419820717131474,1.4357366771159874,1.4295885181514654
2021-04-14T18:17:30.000Z,1894,1980,1906,2003,1873,9656,1.44350580781415,1.498989898989899,1.5398740818467995,1.494757863205192,1.4831820608649227,1.4920619425441928
2021-04-14T18:17:31.000Z,1894,2049,1880,1991,1923,9737,1.416050686378036,1.3855539287457297,1.426595744680851,1.3646408839779005,1.4196567862714509,1.4024996060107935
2021-04-14T18:17:32.000Z,1918,2074,1956,2019.0000000000002,1921,9888,1.3613138686131387,1.347155255544841,1.3885480572597138,1.345715700842001,1.3591879229567934,1.3603841610432974
2021-04-14T18:17:33.000Z,1917,2025,1915,2032,1911,9800,1.3776734480959834,1.3644444444444443,1.377023498694517,1.3523622047244095,1.3668236525379382,1.3676654496994585
2021-04-14T18:17:34.000Z,1884,2029,1881,2020,1905,9719,1.4219745222929936,1.3691473632331197,1.4322169059011165,1.3866336633663365,1.4078740157480314,1.4035692941083195
2021-04-14T18:17:35.000Z,1918,2019.0000000000002,1922,2012,1917,9788,1.3858185610010427,1.3645368994551759,1.396462018730489,1.3767395626242545,1.3943661971830985,1.383584647798812
2021-04-14T18:17:36.000Z,1893,2024,1864,2003,1896,9680,1.4125726360274695,1.3908102766798418,1.428648068669528,1.3889166250624063,1.4214135021097047,1.4084722217097903
2021-04-14T18:17:37.000Z,1930,2023.0000000000002,1885,2007.0000000000002,1909,9754,1.367357512953368,1.356895699456253,1.4053050397877984,1.3388141504733433,1.3708748035620744,1.3678494412465674
2021-04-14T18:17:38.000Z,1864,2041,1894,1998,1919,9716,1.3991416309012876,1.3753062224399804,1.41129883843717,1.3768768768768769,1.4017717561229808,1.3928790649556593
2021-04-14T18:17:39.000Z,1902,2027.0000000000002,1907,1980,1922,9738,1.3727655099894847,1.337937839171189,1.3943366544310436,1.3525252525252525,1.3636836628511966,1.3642497837936332
2021-04-14T18:17:40.000Z,1851,2013,1924,1989,1889,9666,1.4451647757968666,1.4505712866368603,1.5067567567567568,1.448466566113625,1.4542085759661196,1.4610335922540458
2021-04-14T18:17:41.000Z,1916,2009,1928,2012,1892,9757,1.3930062630480167,1.3628670980587356,1.4128630705394192,1.3702783300198806,1.377906976744186,1.3833843476820475
2021-04-14T18:17:42.000Z,1906,2032,1893,2025.9999999999998,1872,9729,1.4270724029380903,1.4488188976377954,1.4321183306920233,1.4160908193484698,1.438568376068376,1.432533765336951
2021-04-14T18:17:43.000Z,1886,1965,1879,1978,1839,9547,1.443796394485684,1.396437659033079,1.4262905800957957,1.4342770475227502,1.4317563893420338,1.4265116140958685
2021-04-14T18:17:44.000Z,1913,2037,1904,2017,1946,9817,1.5373758494511238,1.4752086401570939,1.5299369747899159,1.5166088249876053,1.5179856115107915,1.5154231801793059
2021-04-14T18:17:45.000Z,1881,1977,1934,2021.9999999999998,1917,9731,1.4598617756512493,1.4087000505816893,1.4860392967942089,1.4431256181998022,1.4580073030777256,1.451146808860935
2021-04-14T18:17:46.000Z,1813,2000,1872,1971,1879,9535,1.3662437948152233,1.3305,1.358974358974359,1.3373921867072551,1.3555082490686536,1.3497237179130983
2021-04-14T18:17:47.000Z,1890,1957,1899,2008,1841,9595,1.4195767195767195,1.404701073071027,1.4386519220642444,1.3859561752988048,1.4225964149918522,1.4142964610005295
2021-04-14T18:17:48.000Z,1914,2008,1928,2047.0000000000002,1854,9751,1.3605015673981191,1.3376494023904382,1.379149377593361,1.3590620420127015,1.3851132686084142,1.3642951316006067
2021-04-14T18:17:49.000Z,1896,2023.0000000000002,1916,2007.0000000000002,1918,9760,1.373945147679325,1.3460207612456747,1.3820459290187892,1.3577478824115596,1.3769551616266944,1.3673429763964084
2021-04-14T18:17:50.000Z,1916,2013.9999999999998,1900,2005,1904,9739,1.417536534446764,1.407149950347567,1.4494736842105262,1.402992518703242,1.4107142857142858,1.417573394684477
2021-04-14T18:17:51.000Z,1819,1967,1830,1973,1821,9410,1.560747663551402,1.5022877478393493,1.555191256830601,1.5585402939685757,1.5842943437671608,1.5522122611914178
2021-04-14T18:17:52.000Z,1892,1999,1906,2033,1898,9728,1.4133192389006342,1.4032016008004002,1.4291710388247638,1.410723069355632,1.4320337197049526,1.417689733517277
2021-04-14T18:17:53.000Z,1912,2041.9999999999998,1906,2033,1889,9782,1.5078451882845187,1.4730656219392753,1.5230849947534102,1.500737825873094,1.509793541556379,1.5029054344813353
2021-04-14T18:17:54.000Z,1897,2008,1906,1989,1892,9692,1.4312071692145494,1.4272908366533865,1.4769150052465898,1.4157868275515335,1.4228329809725158,1.4348065639277148
2021-04-14T18:17:55.000Z,1900,2019.0000000000002,1884,2044,1890,9737,1.4210526315789473,1.4135710747894998,1.4389596602972399,1.393835616438356,1.4206349206349207,1.4176107807477927
2021-04-14T18:17:56.000Z,1897,1988,1903,1973,1869,9630,1.385345282024249,1.3611670020120725,1.4130320546505517,1.3558033451596554,1.390048154093098,1.3810791675879255
2021-04-14T18:17:57.000Z,1904,2017,1909,2029.9999999999998,1872,9732,1.3849789915966386,1.3728309370352008,1.4070193818753274,1.3551724137931034,1.3888888888888888,1.3817781226378318
2021-04-14T18:17:58.000Z,1878,2058,1910,1970,1898,9714,1.4217252396166133,1.4091350826044704,1.4157068062827225,1.4,1.411485774499473,1.4116105806006558
2021-04-14T18:17:59.000Z,1922,2004,1910,2008,1886,9730,1.4151925078043703,1.3927145708582835,1.449214659685864,1.3939243027888446,1.4252386002120891,1.4152569282698904
2021-04-14T18:18:00.000Z,1908,1977,1909,1996,1843,9633,1.4182389937106918,1.3985837126960041,1.423782084861184,1.3837675350701404,1.427563754747694,1.410387216217143
2021-04-14T18:18:01.000Z,1897,2029.9999999999998,1873,2001,1909,9710,1.3906167633104902,1.355665024630542,1.396155899626268,1.384807596201899,1.3991618648507071,1.3852814297239813
2021-04-14T18:18:02.000Z,1894,2007.0000000000002,1891,1998,1875,9665,1.3489968321013728,1.3243647234678624,1.364886303543099,1.3193193193193193,1.3434666666666666,1.3402067690196637
2021-04-14T18:18:03.000Z,1906,2029.9999999999998,1914,2015.0000000000002,1907,9772,1.3809024134312697,1.3857142857142857,1.3845350052246603,1.355334987593052,1.3938122705820661,1.3800597925090667
2021-04-14T18:18:04.000Z,1875,2012,1890,2001,1853,9631,1.4048,1.3991053677932406,1.4825396825396826,1.4027986006996502,1.420399352401511,1.4219286006868168
2021-04-14T18:18:05.000Z,1862,2021,1899,2021,1900,9703,1.4081632653061225,1.4537357743691242,1.511321748288573,1.46313706086096,1.466842105263158,1.4606399908175873
2021-04-14T18:18:06.000Z,1891,2009,1884,2017.9999999999998,1884,9686,1.402432575356954,1.3952215032354405,1.4203821656050954,1.3994053518334986,1.4166666666666667,1.4068216525395312
2021-04-14T18:18:07.000Z,1830,2012,1882,1969,1917,9610,1.4295081967213115,1.3841948310139165,1.3926673751328373,1.393600812595226,1.4011476264997391,1.400223768392606
2021-04-14T18:18:08.000Z,1847,1980,1864,1956,1858,9505,1.4390904168922578,1.4045454545454545,1.43293991416309,1.41359918200409,1.4101184068891282,1.4200586748988042
2021-04-14T18:18:09.000Z,1852,2032,1930,2001,1906,9721,1.3617710583153348,1.3464566929133859,1.4108808290155441,1.3403298350824588,1.3641133263378804,1.3647103483329208
2021-04-14T18:18:10.000Z,1878,2037,1915,1985,1934,9749,1.4078807241746538,1.3627884143348061,1.3963446475195822,1.3732997481108313,1.3852119958634954,1.3851051060006738
2021-04-14T18:18:11.000Z,1933,1957,1880,1997,1859,9626,1.4076564924987067,1.4092999489013798,1.425,1.3955933900851276,1.4109736417428724,1.4097046946456173
2021-04-14T18:18:12.000Z,1874,2063,1905,2008,1923,9773,1.3751334044823906,1.350945225399903,1.3805774278215224,1.3510956175298805,1.3650546021840875,1.3645612554835567
2021-04-14T18:18:13.000Z,1868,2031.0000000000002,1926,2009,1883,9717,1.4036402569593147,1.4032496307237814,1.42263759086189,1.4270781483325037,1.437068507700478,1.4187348269155935
2021-04-14T18:18:14.000Z,1884,2047.0000000000002,1909,2024,1933,9797,1.370488322717622,1.3585735222276503,1.393923520167627,1.3547430830039526,1.3802379720641489,1.3715932840362004
2021-04-14T18:18:15.000Z,1912,2025.9999999999998,1923,2024,1892,9777,1.375,1.3563672260612043,1.3858554342173688,1.3354743083003953,1.3636363636363635,1.3632666664430664
2021-04-14T18:18:16.000Z,1930,2016,1938,1997,1887,9768,1.4803108808290155,1.4365079365079365,1.499484004127967,1.4266399599399098,1.4758876523582405,1.4637660867526139
2021-04-14T18:18:17.000Z,1854,1988,1875,1963,1877,9557,1.4029126213592233,1.3787726358148893,1.4170666666666667,1.379011716760061,1.4064997336174747,1.3968526748436632
2021-04-14T18:18:18.000Z,1923,2048,1908,2004,1946,9829,1.5839833593343733,1.595703125,1.5618448637316562,1.5543912175648702,1.5853031860226106,1.576245150330702
2021-04-14T18:18:19.000Z,1897,2041.9999999999998,1916,2023.0000000000002,1900,9778,1.3943068002108592,1.3599412340842312,1.4055323590814197,1.3905091448344042,1.3878947368421053,1.3876368550106037
2021-04-14T18:18:20.000Z,1874,2062,1895,2000,1922,9753,1.492529348986126,1.4757516973811833,1.500263852242744,1.4755,1.484391259105099,1.4856872315430305
2021-04-14T18:18:21.000Z,1803,1880,1842,1949,1802,9276,1.42318358291736,1.3691489361702127,1.4180238870792616,1.3766033863519753,1.3806881243063263,1.3935295833650272
2021-04-14T18:18:22.000Z,1895,1996,1916,2036,1903,9746,1.3741424802110818,1.345190380761523,1.3632567849686847,1.3467583497053046,1.3562795585916974,1.3571255108476583
2021-04-14T18:18:23.000Z,1955,2003,1918,2048,1876,9800,1.3094629156010231,1.311033449825262,1.3357664233576643,1.2880859375,1.3427505330490406,1.3174198518665978
2021-04-14T18:18:24.000Z,1871,2049,1918,2005.9999999999998,1938,9782,1.3944414751469802,1.3850658857979503,1.416058394160584,1.378863409770688,1.4107327141382868,1.3970323758028977
2021-04-14T18:18:25.000Z,1888,2008,1912,2015.0000000000002,1894,9717,1.4067796610169492,1.37699203187251,1.4236401673640167,1.3612903225806452,1.399155227032735,1.3935714819733713
2021-04-14T18:18:26.000Z,1816,2005.9999999999998,1899,1990,1907,9618,1.4234581497797356,1.418245264207378,1.487625065824118,1.449748743718593,1.464604090194022,1.4487362627447695
2021-04-14T18:18:27.000Z,1893,2029.9999999999998,1928,2009.9999999999998,1911,9772,1.3940834653988379,1.3763546798029556,1.4087136929460582,1.3606965174129353,1.392987964416536,1.3865672639954645
2021-04-14T18:18:28.000Z,1903,2045,1914,2041.9999999999998,1922,9826,1.3531266421439831,1.3149144254278728,1.376698014629049,1.3090107737512242,1.3454734651404787,1.3398446642185218
2021-04-14T18:18:29.000Z,1855,2020,1901,1988,1921,9685,1.3897574123989218,1.357920792079208,1.3992635455023672,1.3777665995975854,1.381572097865695,1.3812560894887553
2021-04-14T18:18:30.000Z,1880,2041,1866,2000,1887,9674,1.4329787234042553,1.4037236648701616,1.4062165058949625,1.4125,1.4234234234234233,1.4157684635185606
2021-04-14T18:18:31.000Z,1887,1963,1903,2021,1874,9648,1.4403815580286168,1.3876719307182883,1.4414083026799789,1.4082137555665513,1.378335112059765,1.41120213181064
2021-04-14T18:18:32.000Z,1898,2003,1876,2013,1900,9690,1.4604847207586933,1.4493260109835246,1.458955223880597,1.451564828614009,1.486842105263158,1.4614345778999964
2021-04-14T18:18:33.000Z,1905,2017.9999999999998,1915,2008,1918,9764,1.4383202099737533,1.4162537165510407,1.4574412532637075,1.4183266932270917,1.4337851929092804,1.4328254131849747
2021-04-14T18:18:34.000Z,1870,1982,1890,2004,1844,9590,1.4775401069518717,1.4359233097880928,1.4756613756613757,1.4321357285429142,1.4495661605206074,1.4541653362929723
2021-04-14T18:18:35.000Z,1898,2021.9999999999998,1932,2019.0000000000002,1895,9766,1.4304531085353003,1.3783382789317506,1.4435817805383022,1.3982169390787518,1.424802110817942,1.4150784435804094
2021-04-14T18:18:36.000Z,1876,1998,1900,1943,1825,9542,1.3470149253731343,1.3263263263263263,1.3478947368421053,1.3401955738548637,1.3534246575342466,1.3429712439861352
2021-04-14T18:18:37.000Z,1917,2049,1884,2044,1898,9792,1.365153886280647,1.350902879453392,1.3943736730360934,1.3571428571428572,1.398314014752371,1.3731774621330721
2021-04-14T18:18:38.000Z,1921,2036,1902,2043.0000000000002,1916,9818,1.4060385216033315,1.3860510805500983,1.4174553101997898,1.3793441018110622,1.3815240083507307,1.3940826045030026
2021-04-14T18:18:39.000Z,1881,2015.0000000000002,1900,2037,1861,9694,1.3700159489633175,1.3459057071960299,1.398421052631579,1.3524791359842907,1.371305749596991,1.3676255188744415
2021-04-14T18:18:40.000Z,1860,2017.9999999999998,1927,1988,1911,9704,1.3704301075268817,1.356788899900892,1.3777893098079916,1.340543259557344,1.3872318158032444,1.3665566785192707
2021-04-14T18:18:41.000Z,1917,2021,1928,2013.9999999999998,1925,9805,1.3588941053729786,1.3419099455714993,1.3817427385892116,1.3212512413108242,1.3646753246753247,1.3536946711039675
2021-04-14T18:18:42.000Z,1895,2005.9999999999998,1880,1960,1896,9637,1.4522427440633245,1.4192422731804586,1.4069148936170213,1.401530612244898,1.4467299578059072,1.4253320961823217
2021-04-14T18:18:43.000Z,1891,2012,1867,1982,1867,9619,1.4056054997355896,1.3956262425447317,1.430637386181039,1.4006054490413724,1.4188537761114086,1.4102656707228283
2021-04-14T18:18:44.000Z,1903,2048,1920,2031.0000000000002,1910,9812,1.3615344193378875,1.3310546875,1.3802083333333333,1.3357951747907435,1.3570680628272251,1.3531321355578378
2021-04-14T18:18:45.000Z,1913,2051,1908,2039.0000000000002,1915,9826,1.393099843178254,1.3686006825938566,1.4067085953878407,1.3727317312408043,1.3921671018276762,1.386661590845686
2021-04-14T18:18:46.000Z,1933,2029,1870,2050,1909,9791,1.4676668391101915,1.4588467225234105,1.5016042780748664,1.4473170731707317,1.464641173389209,1.4680152172536818
2021-04-14T18:18:47.000Z,1878,1972,1867,2001,1857,9575,1.4547390841320553,1.4432048681541583,1.4536689876807714,1.4407796101949026,1.4512654819601507,1.4487316064244076
2021-04-14T18:18:48.000Z,1935,2071,1927,2016,1911,9860,1.420671834625323,1.4229840656687591,1.4509600415153088,1.376984126984127,1.4437467294610151,1.4230693596509068
2021-04-14T18:18:49.000Z,1889,2025.9999999999998,1862,2017,1899,9693,1.4150344097406036,1.386969397828233,1.4232008592910848,1.3877045116509668,1.3933649289099526,1.401254821484168
2021-04-14T18:18:50.000Z,1884,2052,1882,2004,1893,9715,1.4654989384288748,1.4210526315789473,1.4633368756641871,1.4226546906187625,1.4426835710512413,1.4430453414684028
2021-04-14T18:18:51.000Z,1887,2024,1905,2020,1895,9731,1.4451510333863276,1.4031620553359683,1.4671916010498687,1.455940594059406,1.449604221635884,1.4442099010934908
2021-04-14T18:18:52.000Z,1844,1979,1868,1978,1889,9558,1.3752711496746204,1.3516927741283475,1.3972162740899357,1.327098078867543,1.3493912122816305,1.3601338978084154
2021-04-14T18:18:53.000Z,1904,2037.9999999999998,1893,2001,1891,9727,1.3760504201680672,1.3380765456329735,1.380876914949815,1.3448275862068966,1.3812797461660498,1.3642222426247606
2021-04-14T18:18:54.000Z,1889,2052,1908,2053,1907,9809,1.3806246691371096,1.3533138401559455,1.3825995807127882,1.3721383341451534,1.3885684320922915,1.3754489712486577
2021-04-14T18:18:55.000Z,1914,2037,1930,2015.0000000000002,1899,9795,1.3881922675026124,1.413352970054001,1.4284974093264249,1.3766749379652605,1.4254870984728805,1.4064409366642359
2021-04-14T18:18:56.000Z,1879,2050,1870,2025,1899,9723,1.3980840872804683,1.3824390243902438,1.4422459893048127,1.365432098765432,1.4028436018957346,1.3982089603273384
2021-04-14T18:18:57.000Z,1916,2023.0000000000002,1941,2024,1893,9797,1.346555323590814,1.3292140385565991,1.3673364245234416,1.3102766798418972,1.364500792393027,1.343576651781156
2021-04-14T18:18:58.000Z,1888,2045,1894,2029,1900,9756,1.4147245762711864,1.3662591687041565,1.4398099260823654,1.3992114342040414,1.3978947368421053,1.4035799684207708
2021-04-14T18:18:59.000Z,1872,1982,1898,1983,1857,9592,1.3712606837606838,1.3536831483350151,1.3851422550052688,1.351991931417045,1.379106085083468,1.368236820720296
2021-04-14T18:19:00.000Z,1854,2015.0000000000002,1870,1966,1906,9611,1.4444444444444444,1.4238213399503723,1.4358288770053476,1.4038657171922686,1.4375655823714586,1.4291051921927784
2021-04-14T18:19:01.000Z,1904,2012,1926,2037,1834,9713,1.4422268907563025,1.4294234592445327,1.4875389408099688,1.4300441826215022,1.460196292257361,1.4498859531379336
2021-04-14T18:19:02.000Z,1841,2013,1889,1989,1920,9652,1.4399782726778925,1.416294088425236,1.4700899947061938,1.4203117144293615,1.4458333333333333,1.4385014807144034
2021-04-14T18:19:03.000Z,1862,2036,1926,1986,1882,9692,1.3689581095596133,1.3433202357563852,1.3785046728971964,1.3459214501510575,1.3730074388947928,1.361942381451809
2021-04-14T18:19:04.000Z,1916,1992,1915,2016,1889,9728,1.3966597077244258,1.3714859437751004,1.406266318537859,1.3715277777777777,1.416622551614611,1.3925124598859546
2021-04-14T18:19:05.000Z,1928,2033.9999999999998,1935,2032,1928,9857,1.4445020746887967,1.4262536873156342,1.4723514211886304,1.419291338582677,1.4398340248962656,1.4404465093344008
2021-04-14T18:19:06.000Z,1905,2035.0000000000002,1913,2017,1918,9788,1.3832020997375327,1.343980343980344,1.4192368008363827,1.352503718393654,1.3753910323253389,1.3748627990546507
2021-04-14T18:19:07.000Z,1891,2013.9999999999998,1899,2021,1910,9735,1.3802221047065044,1.3604766633565044,1.4028436018957346,1.359722909450767,1.3900523560209423,1.3786635270860905
2021-04-14T18:19:08.000Z,1917,2053,1930,2031.0000000000002,1952,9883,1.408450704225352,1.3848027277155381,1.4305699481865286,1.4052191038897095,1.3954918032786885,1.4049068574591634
2021-04-14T18:19:09.000Z,1872,1945,1868,2000,1861,9546,1.3514957264957266,1.3413881748071979,1.3624197002141327,1.312,1.3449758194519075,1.342455884193793
2021-04-14T18:19:10.000Z,1886,1995,1901,2008,1891,9681,1.3955461293743372,1.356390977443609,1.4066280904786954,1.3685258964143425,1.4008461131676362,1.385587441375724
2021-04-14T18:19:11.000Z,1897,2028,1931,2017,1900,9773,1.3995782814971007,1.3880670611439843,1.3961677887105126,1.368368864650471,1.3921052631578947,1.3888574518319925
2021-04-14T18:19:12.000Z,1920,2001.9999999999998,1883,2009.9999999999998,1832,9647,1.3864583333333333,1.3826173826173827,1.4152947424322888,1.364179104477612,1.3973799126637554,1.3891858951048743
2021-04-14T18:19:13.000Z,1849,2016,1936,1960,1891,9652,1.3769605191995673,1.3129960317460319,1.3734504132231404,1.3362244897959183,1.3479640401903754,1.3495190988310066
2021-04-14T18:19:14.000Z,1907,2073,1932,1993,1975,9880,1.3906659674882014,1.3704775687409552,1.3944099378881987,1.3677872553938786,1.410126582278481,1.3866934623579428
2021-04-14T18:19:15.000Z,1914,2054,1906,2029,1919,9822,1.3746081504702194,1.3349561830574488,1.3593913955928647,1.3617545588960078,1.3736321000521106,1.3608684776137303
2021-04-14T18:19:16.000Z,1884,2028,1875,2003,1898,9688,1.365180467091295,1.334319526627219,1.3738666666666666,1.3389915127309036,1.3667017913593256,1.355811992895082
2021-04-14T18:19:17.000Z,1894,2023.0000000000002,1921,1990,1913,9741,1.3875395987328405,1.3900148294611963,1.4195731389901094,1.3557788944723619,1.3910088865656038,1.3887830696444226
2021-04-14T18:19:18.000Z,1955,2032,1908,2033,1913,9841,1.3933503836317136,1.376476377952756,1.4025157232704402,1.3644859813084111,1.3972817564035547,1.3868220445133752
2021-04-14T18:19:19.000Z,1863,2025,1908,2003,1917,9716,1.406333870101986,1.448888888888889,1.5031446540880504,1.4623065401897155,1.4992175273865416,1.4639782961310364
2021-04-14T18:19:20.000Z,1918,2019.0000000000002,1936,2021.9999999999998,1902,9797,1.3712200208550573,1.361069836552749,1.3920454545454546,1.3521266073194858,1.3874868559411146,1.3727897550427721
2021-04-14T18:19:21.000Z,1910,2037.9999999999998,1878,2024,1888,9738,1.449214659685864,1.435721295387635,1.4568690095846646,1.4688735177865613,1.4597457627118644,1.4540848490313178
2021-04-14T18:19:22.000Z,1217,1865,1755,1854,1705,8396,1.4741166803615449,9.235924932975871,9.214245014245014,9.09007551240561,9.627565982404692,7.7283856244785465
2021-04-14T18:19:23.000Z,,831,1317,2144,2172,6464,,127.90252707581227,73.78359908883827,43.374533582089555,46.29834254143646,72.83975057204414
2021-04-14T18:19:24.000Z,,,,65,1048,1113,,,,0.8615384615384616,0.8062977099236641,0.8339180857310629
