time,producer-service-1_throughput,total_throughput,producer-service-1_latency,average_latency
2021-05-05T18:50:30.000Z,34923,34923,25.45545915299373,25.45545915299373
2021-05-05T18:50:31.000Z,55189,55189,18.839098371052202,18.839098371052202
2021-05-05T18:50:32.000Z,55172,55172,23.052472268542015,23.052472268542015
2021-05-05T18:50:33.000Z,54400,54400,17.871158088235294,17.871158088235294
2021-05-05T18:50:34.000Z,56538,56538,16.959620078531252,16.959620078531252
2021-05-05T18:50:35.000Z,55078,55078,16.601111151457932,16.601111151457932
2021-05-05T18:50:36.000Z,54285,54285,16.82967670627245,16.82967670627245
2021-05-05T18:50:37.000Z,54259,54259,16.942479588639674,16.942479588639674
2021-05-05T18:50:38.000Z,53248,53248,16.69689002403846,16.69689002403846
2021-05-05T18:50:39.000Z,54272,54272,16.47162441037736,16.47162441037736
2021-05-05T18:50:40.000Z,55296,55296,16.173719618055557,16.173719618055557
2021-05-05T18:50:41.000Z,55318,55318,15.806482519252324,15.806482519252324
2021-05-05T18:50:42.000Z,57322,57322,15.663898677645582,15.663898677645582
2021-05-05T18:50:43.000Z,55296,55296,15.809751157407407,15.809751157407407
2021-05-05T18:50:44.000Z,53248,53248,16.7177734375,16.7177734375
2021-05-05T18:50:45.000Z,52224,52224,15.88296568627451,15.88296568627451
2021-05-05T18:50:46.000Z,54272,54272,15.80748820754717,15.80748820754717
2021-05-05T18:50:47.000Z,53248,53248,15.929593599759615,15.929593599759615
2021-05-05T18:50:48.000Z,55296,55296,15.548303674768519,15.548303674768519
2021-05-05T18:50:49.000Z,53248,53248,15.275503305288462,15.275503305288462
2021-05-05T18:50:50.000Z,55296,55296,15.189272280092593,15.189272280092593
2021-05-05T18:50:51.000Z,54272,54272,15.280881485849056,15.280881485849056
2021-05-05T18:50:52.000Z,54238,54238,15.444909473063166,15.444909473063166
2021-05-05T18:50:53.000Z,54306,54306,15.012355909107649,15.012355909107649
2021-05-05T18:50:54.000Z,56320,56320,14.931409801136363,14.931409801136363
2021-05-05T18:50:55.000Z,54272,54272,14.950619103773585,14.950619103773585
2021-05-05T18:50:56.000Z,55296,55296,15.17748119212963,15.17748119212963
2021-05-05T18:50:57.000Z,55296,55296,15.260579427083334,15.260579427083334
2021-05-05T18:50:58.000Z,55296,55296,15.36550564236111,15.36550564236111
2021-05-05T18:50:59.000Z,55296,55296,15.22365089699074,15.22365089699074
2021-05-05T18:51:00.000Z,55296,55296,15.011103877314815,15.011103877314815
2021-05-05T18:51:01.000Z,55296,55296,14.980378327546296,14.980378327546296
2021-05-05T18:51:02.000Z,55296,55296,15.146176938657407,15.146176938657407
2021-05-05T18:51:03.000Z,55566,55566,15.090576971529352,15.090576971529352
2021-05-05T18:51:04.000Z,47858,47858,18.203226210873837,18.203226210873837
2021-05-05T18:51:05.000Z,52224,52224,15.955595128676471,15.955595128676471
2021-05-05T18:51:06.000Z,54272,54272,15.526901533018869,15.526901533018869
2021-05-05T18:51:07.000Z,55296,55296,15.419017650462964,15.419017650462964
2021-05-05T18:51:08.000Z,53248,53248,15.736046424278847,15.736046424278847
2021-05-05T18:51:09.000Z,54272,54272,15.422741008254716,15.422741008254716
2021-05-05T18:51:10.000Z,55296,55296,15.233543113425926,15.233543113425926
2021-05-05T18:51:11.000Z,55296,55296,15.04226345486111,15.04226345486111
2021-05-05T18:51:12.000Z,56320,56320,15.256232244318182,15.256232244318182
2021-05-05T18:51:13.000Z,55296,55296,14.91749855324074,14.91749855324074
2021-05-05T18:51:14.000Z,56320,56320,14.919566761363637,14.919566761363637
2021-05-05T18:51:15.000Z,56320,56320,14.793874289772727,14.793874289772727
2021-05-05T18:51:16.000Z,56661,56661,14.629710029826512,14.629710029826512
2021-05-05T18:51:17.000Z,57003,57003,14.896321246250197,14.896321246250197
2021-05-05T18:51:18.000Z,56320,56320,14.742897727272727,14.742897727272727
2021-05-05T18:51:19.000Z,56320,56320,14.84140625,14.84140625
2021-05-05T18:51:20.000Z,55954,55954,15.02880937913286,15.02880937913286
2021-05-05T18:51:21.000Z,56642,56642,14.799812859715406,14.799812859715406
2021-05-05T18:51:22.000Z,55830,55830,14.583342289091886,14.583342289091886
2021-05-05T18:51:23.000Z,54806,54806,15.107853154764078,15.107853154764078
2021-05-05T18:51:24.000Z,56320,56320,14.786754261363637,14.786754261363637
2021-05-05T18:51:25.000Z,55296,55296,14.86302806712963,14.86302806712963
2021-05-05T18:51:26.000Z,56320,56320,14.525053267045454,14.525053267045454
2021-05-05T18:51:27.000Z,58368,58368,14.553248355263158,14.553248355263158
2021-05-05T18:51:28.000Z,54272,54272,15.218657871462264,15.218657871462264
2021-05-05T18:51:29.000Z,56320,56320,14.696271306818181,14.696271306818181
2021-05-05T18:51:30.000Z,56320,56320,14.769886363636363,14.769886363636363
2021-05-05T18:51:31.000Z,56233,56233,14.762043639855602,14.762043639855602
2021-05-05T18:51:32.000Z,55383,55383,14.787209071375694,14.787209071375694
2021-05-05T18:51:33.000Z,56320,56320,14.938600852272728,14.938600852272728
2021-05-05T18:51:34.000Z,53248,53248,15.269193209134615,15.269193209134615
2021-05-05T18:51:35.000Z,55296,55296,14.968948929398149,14.968948929398149
2021-05-05T18:51:36.000Z,55062,55062,15.166303439758817,15.166303439758817
2021-05-05T18:51:37.000Z,50410,50410,16.522039277921046,16.522039277921046
2021-05-05T18:51:38.000Z,55296,55296,14.953088831018519,14.953088831018519
2021-05-05T18:51:39.000Z,55748,55748,14.722895888641744,14.722895888641744
2021-05-05T18:51:40.000Z,55868,55868,14.67453640724565,14.67453640724565
2021-05-05T18:51:41.000Z,56320,56320,14.600106534090909,14.600106534090909
2021-05-05T18:51:42.000Z,55296,55296,14.823893229166666,14.823893229166666
2021-05-05T18:51:43.000Z,56320,56320,15.087855113636364,15.087855113636364
2021-05-05T18:51:44.000Z,56320,56320,14.389080255681819,14.389080255681819
2021-05-05T18:51:45.000Z,56320,56320,14.616157670454545,14.616157670454545
2021-05-05T18:51:46.000Z,56320,56320,14.537482244318182,14.537482244318182
2021-05-05T18:51:47.000Z,57119,57119,14.401460109595757,14.401460109595757
2021-05-05T18:51:48.000Z,56866,56866,14.586659867055886,14.586659867055886
2021-05-05T18:51:49.000Z,56376,56376,14.681087696892295,14.681087696892295
2021-05-05T18:51:50.000Z,57991,57991,14.61006018175234,14.61006018175234
2021-05-05T18:51:51.000Z,58368,58368,14.303025630482455,14.303025630482455
2021-05-05T18:51:52.000Z,57344,57344,14.127790178571429,14.127790178571429
2021-05-05T18:51:53.000Z,56320,56320,14.301580255681818,14.301580255681818
2021-05-05T18:51:54.000Z,57344,57344,14.597220284598214,14.597220284598214
2021-05-05T18:51:55.000Z,57344,57344,14.381173270089286,14.381173270089286
2021-05-05T18:51:56.000Z,58368,58368,14.420727110745615,14.420727110745615
2021-05-05T18:51:57.000Z,57344,57344,14.357700892857142,14.357700892857142
2021-05-05T18:51:58.000Z,58368,58368,14.307634320175438,14.307634320175438
2021-05-05T18:51:59.000Z,58368,58368,14.251764665570175,14.251764665570175
2021-05-05T18:52:00.000Z,57344,57344,14.342599051339286,14.342599051339286
2021-05-05T18:52:01.000Z,56320,56320,14.347869318181818,14.347869318181818
2021-05-05T18:52:02.000Z,56320,56320,14.378284801136363,14.378284801136363
2021-05-05T18:52:03.000Z,57344,57344,14.456682477678571,14.456682477678571
2021-05-05T18:52:04.000Z,57344,57344,14.317435128348214,14.317435128348214
2021-05-05T18:52:05.000Z,57344,57344,14.496372767857142,14.496372767857142
2021-05-05T18:52:06.000Z,57344,57344,14.590733119419642,14.590733119419642
2021-05-05T18:52:07.000Z,57344,57344,14.452479771205358,14.452479771205358
2021-05-05T18:52:08.000Z,55296,55296,14.892722800925926,14.892722800925926
2021-05-05T18:52:09.000Z,53248,53248,15.826810396634615,15.826810396634615
2021-05-05T18:52:10.000Z,57344,57344,14.149745396205358,14.149745396205358
2021-05-05T18:52:11.000Z,58368,58368,13.918225740131579,13.918225740131579
2021-05-05T18:52:12.000Z,58358,58358,14.127694574865485,14.127694574865485
2021-05-05T18:52:13.000Z,58378,58378,14.320771523519134,14.320771523519134
2021-05-05T18:52:14.000Z,57344,57344,14.177699497767858,14.177699497767858
2021-05-05T18:52:15.000Z,59579,59579,14.20332667550647,14.20332667550647
2021-05-05T18:52:16.000Z,59964,59964,13.970098725902208,13.970098725902208
2021-05-05T18:52:17.000Z,58633,58633,14.058038988283048,14.058038988283048
2021-05-05T18:52:18.000Z,58368,58368,14.095566063596491,14.095566063596491
2021-05-05T18:52:19.000Z,59344,59344,14.073722701536802,14.073722701536802
2021-05-05T18:52:20.000Z,58416,58416,13.97642769104355,13.97642769104355
2021-05-05T18:52:21.000Z,58368,58368,14.192228618421053,14.192228618421053
2021-05-05T18:52:22.000Z,58368,58368,14.210492050438596,14.210492050438596
2021-05-05T18:52:23.000Z,58368,58368,14.094503837719298,14.094503837719298
2021-05-05T18:52:24.000Z,59035,59035,14.329448632167358,14.329448632167358
2021-05-05T18:52:25.000Z,59172,59172,14.083400932873657,14.083400932873657
2021-05-05T18:52:26.000Z,58945,58945,14.131139197557046,14.131139197557046
2021-05-05T18:52:27.000Z,59392,59392,14.107371363146552,14.107371363146552
2021-05-05T18:52:28.000Z,59392,59392,14.096713362068966,14.096713362068966
2021-05-05T18:52:29.000Z,57344,57344,14.185355050223214,14.185355050223214
2021-05-05T18:52:30.000Z,58368,58368,14.132247121710526,14.132247121710526
2021-05-05T18:52:31.000Z,58368,58368,14.113983689692983,14.113983689692983
2021-05-05T18:52:32.000Z,59071,59071,13.989504156015641,13.989504156015641
2021-05-05T18:52:33.000Z,58689,58689,14.206495254647379,14.206495254647379
2021-05-05T18:52:34.000Z,58368,58368,14.119089226973685,14.119089226973685
2021-05-05T18:52:35.000Z,58368,58368,14.108329906798245,14.108329906798245
2021-05-05T18:52:36.000Z,58368,58368,14.081928453947368,14.081928453947368
2021-05-05T18:52:37.000Z,59392,59392,13.949117726293103,13.949117726293103
2021-05-05T18:52:38.000Z,58160,58160,14.254814305364512,14.254814305364512
2021-05-05T18:52:39.000Z,58576,58576,14.05671264681781,14.05671264681781
2021-05-05T18:52:40.000Z,54272,54272,15.380361880896226,15.380361880896226
2021-05-05T18:52:41.000Z,47104,47104,18.24458644701087,18.24458644701087
2021-05-05T18:52:42.000Z,56320,56320,14.712109375,14.712109375
2021-05-05T18:52:43.000Z,58368,58368,14.205112390350877,14.205112390350877
2021-05-05T18:52:44.000Z,57344,57344,14.242588588169642,14.242588588169642
2021-05-05T18:52:45.000Z,58368,58368,14.116399396929825,14.116399396929825
2021-05-05T18:52:46.000Z,58368,58368,14.14722108004386,14.14722108004386
2021-05-05T18:52:47.000Z,58368,58368,14.102933114035087,14.102933114035087
2021-05-05T18:52:48.000Z,59392,59392,14.154381061422415,14.154381061422415
2021-05-05T18:52:49.000Z,57344,57344,14.100010463169642,14.100010463169642
2021-05-05T18:52:50.000Z,59392,59392,14.125858701508621,14.125858701508621
2021-05-05T18:52:51.000Z,59392,59392,14.154010641163794,14.154010641163794
2021-05-05T18:52:52.000Z,59392,59392,14.035105738146552,14.035105738146552
2021-05-05T18:52:53.000Z,59392,59392,14.045662715517242,14.045662715517242
2021-05-05T18:52:54.000Z,58368,58368,14.21948670504386,14.21948670504386
2021-05-05T18:52:55.000Z,58368,58368,14.088712993421053,14.088712993421053
2021-05-05T18:52:56.000Z,58368,58368,14.113503974780702,14.113503974780702
2021-05-05T18:52:57.000Z,59392,59392,14.134630926724139,14.134630926724139
2021-05-05T18:52:58.000Z,57984,57984,14.253690673289183,14.253690673289183
2021-05-05T18:52:59.000Z,59654,59654,14.0827605860462,14.0827605860462
2021-05-05T18:53:00.000Z,57466,57466,14.028886646016774,14.028886646016774
2021-05-05T18:53:01.000Z,58368,58368,14.049736156798245,14.049736156798245
2021-05-05T18:53:02.000Z,58368,58368,13.835046600877194,13.835046600877194
2021-05-05T18:53:03.000Z,59392,59392,14.164567618534482,14.164567618534482
2021-05-05T18:53:04.000Z,58368,58368,14.0498046875,14.0498046875
2021-05-05T18:53:05.000Z,58368,58368,14.093407346491228,14.093407346491228
2021-05-05T18:53:06.000Z,58368,58368,14.142149808114034,14.142149808114034
2021-05-05T18:53:07.000Z,59145,59145,14.240645870318708,14.240645870318708
2021-05-05T18:53:08.000Z,58615,58615,13.99290284056982,13.99290284056982
2021-05-05T18:53:09.000Z,59392,59392,14.018874595905173,14.018874595905173
2021-05-05T18:53:10.000Z,58595,58595,14.085843502005291,14.085843502005291
2021-05-05T18:53:11.000Z,59165,59165,14.134099552100059,14.134099552100059
2021-05-05T18:53:12.000Z,57344,57344,14.546334402901786,14.546334402901786
2021-05-05T18:53:13.000Z,51200,51200,16.18376953125,16.18376953125
2021-05-05T18:53:14.000Z,55296,55296,15.21287254050926,15.21287254050926
2021-05-05T18:53:15.000Z,58368,58368,14.029262609649123,14.029262609649123
2021-05-05T18:53:16.000Z,59392,59392,14.033674568965518,14.033674568965518
2021-05-05T18:53:17.000Z,59392,59392,14.040493669181034,14.040493669181034
2021-05-05T18:53:18.000Z,59231,59231,14.074234775708666,14.074234775708666
2021-05-05T18:53:19.000Z,58529,58529,13.994361769379282,13.994361769379282
2021-05-05T18:53:20.000Z,59392,59392,13.933795797413794,13.933795797413794
2021-05-05T18:53:21.000Z,59392,59392,13.960903825431034,13.960903825431034
2021-05-05T18:53:22.000Z,58368,58368,14.02405427631579,14.02405427631579
2021-05-05T18:53:23.000Z,59392,59392,14.055041082974139,14.055041082974139
2021-05-05T18:53:24.000Z,58368,58368,14.03136992872807,14.03136992872807
2021-05-05T18:53:25.000Z,59392,59392,13.893655711206897,13.893655711206897
2021-05-05T18:53:26.000Z,58368,58368,13.971731085526315,13.971731085526315
2021-05-05T18:53:27.000Z,59392,59392,13.9658203125,13.9658203125
2021-05-05T18:53:28.000Z,58368,58368,14.118369654605264,14.118369654605264
2021-05-05T18:53:29.000Z,59392,59392,14.110402074353448,14.110402074353448
2021-05-05T18:53:30.000Z,59392,59392,14.00420932112069,14.00420932112069
2021-05-05T18:53:31.000Z,58368,58368,14.169921875,14.169921875
2021-05-05T18:53:32.000Z,59392,59392,14.17999057112069,14.17999057112069
2021-05-05T18:53:33.000Z,58421,58421,14.054826175519077,14.054826175519077
2021-05-05T18:53:34.000Z,59339,59339,14.142065083671785,14.142065083671785
2021-05-05T18:53:35.000Z,59392,59392,14.06707974137931,14.06707974137931
2021-05-05T18:53:36.000Z,59118,59118,14.08479650867756,14.08479650867756
2021-05-05T18:53:37.000Z,58642,58642,13.998397053306505,13.998397053306505
2021-05-05T18:53:38.000Z,58368,58368,14.099283854166666,14.099283854166666
2021-05-05T18:53:39.000Z,58368,58368,14.129951343201755,14.129951343201755
2021-05-05T18:53:40.000Z,60416,60416,14.09474311440678,14.09474311440678
2021-05-05T18:53:41.000Z,58368,58368,14.103772615131579,14.103772615131579
2021-05-05T18:53:42.000Z,58368,58368,14.017749451754385,14.017749451754385
2021-05-05T18:53:43.000Z,58368,58368,14.022563733552632,14.022563733552632
2021-05-05T18:53:44.000Z,58368,58368,14.21484375,14.21484375
2021-05-05T18:53:45.000Z,53248,53248,15.827505258413462,15.827505258413462
2021-05-05T18:53:46.000Z,52224,52224,16.200099571078432,16.200099571078432
2021-05-05T18:53:47.000Z,57344,57344,14.273873465401786,14.273873465401786
2021-05-05T18:53:48.000Z,58505,58505,14.090351252029741,14.090351252029741
2021-05-05T18:53:49.000Z,55159,55159,15.094327308326838,15.094327308326838
2021-05-05T18:53:50.000Z,56320,56320,14.676598011363636,14.676598011363636
2021-05-05T18:53:51.000Z,56320,56320,14.472265625,14.472265625
2021-05-05T18:53:52.000Z,58368,58368,14.184039199561404,14.184039199561404
2021-05-05T18:53:53.000Z,58368,58368,14.243609512061404,14.243609512061404
2021-05-05T18:53:54.000Z,57344,57344,14.3592529296875,14.3592529296875
2021-05-05T18:53:55.000Z,57410,57410,14.275161121755792,14.275161121755792
2021-05-05T18:53:56.000Z,57178,57178,14.546818706495506,14.546818706495506
2021-05-05T18:53:57.000Z,58468,58468,14.326571799958952,14.326571799958952
2021-05-05T18:53:58.000Z,57344,57344,14.504377092633929,14.504377092633929
2021-05-05T18:53:59.000Z,57344,57344,14.1168212890625,14.1168212890625
2021-05-05T18:54:00.000Z,58368,58368,14.234272203947368,14.234272203947368
2021-05-05T18:54:01.000Z,58058,58058,14.18808777429467,14.18808777429467
2021-05-05T18:54:02.000Z,57654,57654,14.132826863704166,14.132826863704166
2021-05-05T18:54:03.000Z,58368,58368,14.283408717105264,14.283408717105264
2021-05-05T18:54:04.000Z,57344,57344,14.327008928571429,14.327008928571429
2021-05-05T18:54:05.000Z,58368,58368,14.418688322368421,14.418688322368421
2021-05-05T18:54:06.000Z,58368,58368,14.09765625,14.09765625
2021-05-05T18:54:07.000Z,59392,59392,14.001969962284482,14.001969962284482
2021-05-05T18:54:08.000Z,58368,58368,14.024225603070175,14.024225603070175
2021-05-05T18:54:09.000Z,59392,59392,14.059806034482758,14.059806034482758
2021-05-05T18:54:10.000Z,58368,58368,14.221628289473685,14.221628289473685
2021-05-05T18:54:11.000Z,58368,58368,13.97143983004386,13.97143983004386
2021-05-05T18:54:12.000Z,59392,59392,13.973195043103448,13.973195043103448
2021-05-05T18:54:13.000Z,59392,59392,14.051151670258621,14.051151670258621
2021-05-05T18:54:14.000Z,59351,59351,14.056309076510926,14.056309076510926
2021-05-05T18:54:15.000Z,58557,58557,13.9512953190908,13.9512953190908
2021-05-05T18:54:16.000Z,59244,59244,13.940196475592465,13.940196475592465
2021-05-05T18:54:17.000Z,49152,49152,16.170511881510418,16.170511881510418
2021-05-05T18:54:18.000Z,55296,55296,16.21404803240741,16.21404803240741
2021-05-05T18:54:19.000Z,57344,57344,14.613141741071429,14.613141741071429
2021-05-05T18:54:20.000Z,57344,57344,14.111921037946429,14.111921037946429
2021-05-05T18:54:21.000Z,59133,59133,14.09367020107216,14.09367020107216
2021-05-05T18:54:22.000Z,57603,57603,14.182716177976841,14.182716177976841
2021-05-05T18:54:23.000Z,59392,59392,14.051370554956897,14.051370554956897
2021-05-05T18:54:24.000Z,57344,57344,14.235037667410714,14.235037667410714
2021-05-05T18:54:25.000Z,58368,58368,14.161304139254385,14.161304139254385
2021-05-05T18:54:26.000Z,60335,60335,14.067771608519102,14.067771608519102
2021-05-05T18:54:27.000Z,59196,59196,14.189235759172917,14.189235759172917
2021-05-05T18:54:28.000Z,57621,57621,14.098714010516998,14.098714010516998
2021-05-05T18:54:29.000Z,57344,57344,14.487200055803571,14.487200055803571
2021-05-05T18:54:30.000Z,57344,57344,14.254132952008929,14.254132952008929
2021-05-05T18:54:31.000Z,58368,58368,14.075743558114034,14.075743558114034
2021-05-05T18:54:32.000Z,59392,59392,13.994106950431034,13.994106950431034
2021-05-05T18:54:33.000Z,58566,58566,14.05084861523751,14.05084861523751
2021-05-05T18:54:34.000Z,59194,59194,14.14682231307227,14.14682231307227
2021-05-05T18:54:35.000Z,59392,59392,14.054519127155173,14.054519127155173
2021-05-05T18:54:36.000Z,59392,59392,14.07049771012931,14.07049771012931
2021-05-05T18:54:37.000Z,58368,58368,14.135964912280702,14.135964912280702
2021-05-05T18:54:38.000Z,59392,59392,14.024009967672415,14.024009967672415
2021-05-05T18:54:39.000Z,58368,58368,14.240148711622806,14.240148711622806
2021-05-05T18:54:40.000Z,59392,59392,14.060344827586206,14.060344827586206
2021-05-05T18:54:41.000Z,59392,59392,13.960196659482758,13.960196659482758
2021-05-05T18:54:42.000Z,59392,59392,13.993029364224139,13.993029364224139
2021-05-05T18:54:43.000Z,59392,59392,14.01904296875,14.01904296875
2021-05-05T18:54:44.000Z,58368,58368,14.129985608552632,14.129985608552632
2021-05-05T18:54:45.000Z,58368,58368,14.144239994517545,14.144239994517545
2021-05-05T18:54:46.000Z,59392,59392,14.054822198275861,14.054822198275861
2021-05-05T18:54:47.000Z,58368,58368,13.995014391447368,13.995014391447368
2021-05-05T18:54:48.000Z,59392,59392,14.183071794181034,14.183071794181034
2021-05-05T18:54:49.000Z,57344,57344,14.371163504464286,14.371163504464286
2021-05-05T18:54:50.000Z,55296,55296,14.956416377314815,14.956416377314815
2021-05-05T18:54:51.000Z,54272,54272,15.811025943396226,15.811025943396226
2021-05-05T18:54:52.000Z,57344,57344,14.403529575892858,14.403529575892858
2021-05-05T18:54:53.000Z,58368,58368,14.167060718201755,14.167060718201755
2021-05-05T18:54:54.000Z,58368,58368,14.06102658991228,14.06102658991228
2021-05-05T18:54:55.000Z,58368,58368,14.197556880482455,14.197556880482455
2021-05-05T18:54:56.000Z,59392,59392,14.051909348060345,14.051909348060345
2021-05-05T18:54:57.000Z,59392,59392,13.974575700431034,13.974575700431034
2021-05-05T18:54:58.000Z,59392,59392,14.159836341594827,14.159836341594827
2021-05-05T18:54:59.000Z,58368,58368,14.093493009868421,14.093493009868421
2021-05-05T18:55:00.000Z,59392,59392,14.111227101293103,14.111227101293103
2021-05-05T18:55:01.000Z,58368,58368,14.072351288377194,14.072351288377194
2021-05-05T18:55:02.000Z,59392,59392,14.022427262931034,14.022427262931034
2021-05-05T18:55:03.000Z,58368,58368,14.137661047149123,14.137661047149123
2021-05-05T18:55:04.000Z,59392,59392,14.134361530172415,14.134361530172415
2021-05-05T18:55:05.000Z,58368,58368,14.125085663377194,14.125085663377194
2021-05-05T18:55:06.000Z,58368,58368,14.179036458333334,14.179036458333334
2021-05-05T18:55:07.000Z,59392,59392,14.028791756465518,14.028791756465518
2021-05-05T18:55:08.000Z,58368,58368,14.172388980263158,14.172388980263158
2021-05-05T18:55:09.000Z,58368,58368,14.340974506578947,14.340974506578947
2021-05-05T18:55:10.000Z,58368,58368,14.055338541666666,14.055338541666666
2021-05-05T18:55:11.000Z,58763,58763,14.121368888586355,14.121368888586355
2021-05-05T18:55:12.000Z,60021,60021,14.013928458372902,14.013928458372902
2021-05-05T18:55:13.000Z,58368,58368,14.240628426535087,14.240628426535087
2021-05-05T18:55:14.000Z,59392,59392,14.053273168103448,14.053273168103448
2021-05-05T18:55:15.000Z,58368,58368,13.923022889254385,13.923022889254385
2021-05-05T18:55:16.000Z,60416,60416,13.886685646186441,13.886685646186441
2021-05-05T18:55:17.000Z,58368,58368,14.114840323464913,14.114840323464913
2021-05-05T18:55:18.000Z,59392,59392,13.922801050646552,13.922801050646552
2021-05-05T18:55:19.000Z,60416,60416,13.957825741525424,13.957825741525424
2021-05-05T18:55:20.000Z,59392,59392,14.06926858836207,14.06926858836207
2021-05-05T18:55:21.000Z,60041,60041,13.912276610982495,13.912276610982495
2021-05-05T18:55:22.000Z,54647,54647,15.480410635533515,15.480410635533515
2021-05-05T18:55:23.000Z,52224,52224,15.88070618872549,15.88070618872549
2021-05-05T18:55:24.000Z,49152,49152,17.0001220703125,17.0001220703125
2021-05-05T18:55:25.000Z,58377,58377,14.310276307449852,14.310276307449852
2021-05-05T18:55:26.000Z,58359,58359,14.106787299302592,14.106787299302592
2021-05-05T18:55:27.000Z,58368,58368,14.084926672149123,14.084926672149123
2021-05-05T18:55:28.000Z,58368,58368,14.21496367872807,14.21496367872807
2021-05-05T18:55:29.000Z,58316,58316,14.187941559777762,14.187941559777762
2021-05-05T18:55:30.000Z,57396,57396,14.248100912955607,14.248100912955607
2021-05-05T18:55:31.000Z,57835,57835,14.292539119910089,14.292539119910089
2021-05-05T18:55:32.000Z,57877,57877,14.103771791903519,14.103771791903519
2021-05-05T18:55:33.000Z,58368,58368,14.16234923245614,14.16234923245614
2021-05-05T18:55:34.000Z,57344,57344,14.150006975446429,14.150006975446429
2021-05-05T18:55:35.000Z,59008,59008,14.15099647505423,14.15099647505423
2021-05-05T18:55:36.000Z,58368,58368,14.02258086622807,14.02258086622807
2021-05-05T18:55:37.000Z,56704,56704,14.259505502257337,14.259505502257337
2021-05-05T18:55:38.000Z,57409,57409,14.457976972251737,14.457976972251737
2021-05-05T18:55:39.000Z,58303,58303,14.223916436547004,14.223916436547004
2021-05-05T18:55:40.000Z,57828,57828,14.038285951442209,14.038285951442209
2021-05-05T18:55:41.000Z,57884,57884,14.136929030474743,14.136929030474743
2021-05-05T18:55:42.000Z,58368,58368,14.214004248903509,14.214004248903509
2021-05-05T18:55:43.000Z,58376,58376,14.100417979991777,14.100417979991777
2021-05-05T18:55:44.000Z,58360,58360,14.109612748457847,14.109612748457847
2021-05-05T18:55:45.000Z,59392,59392,14.162496632543103,14.162496632543103
2021-05-05T18:55:46.000Z,58368,58368,14.292180646929825,14.292180646929825
2021-05-05T18:55:47.000Z,57344,57344,14.110055106026786,14.110055106026786
2021-05-05T18:55:48.000Z,58368,58368,14.09875274122807,14.09875274122807
2021-05-05T18:55:49.000Z,57344,57344,14.148542131696429,14.148542131696429
2021-05-05T18:55:50.000Z,59392,59392,14.081155711206897,14.081155711206897
2021-05-05T18:55:51.000Z,58368,58368,14.102676123903509,14.102676123903509
2021-05-05T18:55:52.000Z,58368,58368,14.080883360745615,14.080883360745615
2021-05-05T18:55:53.000Z,58368,58368,14.234237938596491,14.234237938596491
2021-05-05T18:55:54.000Z,58368,58368,14.16455934758772,14.16455934758772
2021-05-05T18:55:55.000Z,54272,54272,15.363907724056604,15.363907724056604
2021-05-05T18:55:56.000Z,50176,50176,16.577686543367346,16.577686543367346
2021-05-05T18:55:57.000Z,56320,56320,14.623615056818181,14.623615056818181
2021-05-05T18:55:58.000Z,58368,58368,14.260296737938596,14.260296737938596
2021-05-05T18:55:59.000Z,59002,59002,14.118995966238433,14.118995966238433
2021-05-05T18:56:00.000Z,57734,57734,14.15923026292999,14.15923026292999
2021-05-05T18:56:01.000Z,59392,59392,14.044282058189655,14.044282058189655
2021-05-05T18:56:02.000Z,57344,57344,14.150582449776786,14.150582449776786
2021-05-05T18:56:03.000Z,58428,58428,14.184740193058122,14.184740193058122
2021-05-05T18:56:04.000Z,58308,58308,14.30675036015641,14.30675036015641
2021-05-05T18:56:05.000Z,58368,58368,14.053162691885966,14.053162691885966
2021-05-05T18:56:06.000Z,58368,58368,14.034556606359649,14.034556606359649
2021-05-05T18:56:07.000Z,58368,58368,14.114977384868421,14.114977384868421
2021-05-05T18:56:08.000Z,58368,58368,14.374177631578947,14.374177631578947
2021-05-05T18:56:09.000Z,57456,57456,14.086431356168198,14.086431356168198
2021-05-05T18:56:10.000Z,58256,58256,14.19640895358418,14.19640895358418
2021-05-05T18:56:11.000Z,57984,57984,13.972371688741722,13.972371688741722
2021-05-05T18:56:12.000Z,58752,58752,14.01266339869281,14.01266339869281
2021-05-05T18:56:13.000Z,58368,58368,14.068222313596491,14.068222313596491
2021-05-05T18:56:14.000Z,58368,58368,14.06981565241228,14.06981565241228
2021-05-05T18:56:15.000Z,58368,58368,14.288891173245615,14.288891173245615
2021-05-05T18:56:16.000Z,58368,58368,14.029314007675438,14.029314007675438
2021-05-05T18:56:17.000Z,59392,59392,14.056724811422415,14.056724811422415
2021-05-05T18:56:18.000Z,57344,57344,14.172781808035714,14.172781808035714
2021-05-05T18:56:19.000Z,56246,56246,14.732692102549514,14.732692102549514
2021-05-05T18:56:20.000Z,53984,53984,15.519116775340843,15.519116775340843
2021-05-05T18:56:21.000Z,55658,55658,14.952208128211577,14.952208128211577
2021-05-05T18:56:22.000Z,57344,57344,14.275285993303571,14.275285993303571
2021-05-05T18:56:23.000Z,56320,56320,14.796147017045454,14.796147017045454
2021-05-05T18:56:24.000Z,58368,58368,14.019479851973685,14.019479851973685
2021-05-05T18:56:25.000Z,58368,58368,14.159967790570175,14.159967790570175
2021-05-05T18:56:26.000Z,59392,59392,14.157277074353448,14.157277074353448
2021-05-05T18:56:27.000Z,53248,53248,15.743257962740385,15.743257962740385
2021-05-05T18:56:28.000Z,54272,54272,15.35788251768868,15.35788251768868
2021-05-05T18:56:29.000Z,55296,55296,14.997160734953704,14.997160734953704
2021-05-05T18:56:30.000Z,58368,58368,14.18371367872807,14.18371367872807
2021-05-05T18:56:31.000Z,58368,58368,14.160533168859649,14.160533168859649
2021-05-05T18:56:32.000Z,58185,58185,14.17241557102346,14.17241557102346
2021-05-05T18:56:33.000Z,58551,58551,14.108503697631125,14.108503697631125
2021-05-05T18:56:34.000Z,58368,58368,14.101271244517545,14.101271244517545
2021-05-05T18:56:35.000Z,58368,58368,14.203844572368421,14.203844572368421
2021-05-05T18:56:36.000Z,59392,59392,13.960684940732758,13.960684940732758
2021-05-05T18:56:37.000Z,58368,58368,14.1044921875,14.1044921875
2021-05-05T18:56:38.000Z,58368,58368,14.3720703125,14.3720703125
2021-05-05T18:56:39.000Z,58368,58368,14.056709155701755,14.056709155701755
2021-05-05T18:56:40.000Z,58368,58368,14.199527138157896,14.199527138157896
2021-05-05T18:56:41.000Z,58368,58368,14.099335252192983,14.099335252192983
2021-05-05T18:56:42.000Z,60064,60064,14.071690197123068,14.071690197123068
2021-05-05T18:56:43.000Z,58336,58336,14.163483955019199,14.163483955019199
2021-05-05T18:56:44.000Z,58752,58752,14.136557053376906,14.136557053376906
2021-05-05T18:56:45.000Z,59392,59392,14.050393992456897,14.050393992456897
2021-05-05T18:56:46.000Z,57344,57344,14.107195172991071,14.107195172991071
2021-05-05T18:56:47.000Z,59392,59392,13.978734509698276,13.978734509698276
2021-05-05T18:56:48.000Z,59392,59392,14.075043776939655,14.075043776939655
2021-05-05T18:56:49.000Z,58368,58368,14.11559416118421,14.11559416118421
2021-05-05T18:56:50.000Z,59392,59392,14.175646551724139,14.175646551724139
2021-05-05T18:56:51.000Z,59145,59145,14.158272043283455,14.158272043283455
2021-05-05T18:56:52.000Z,58615,58615,14.44132048110552,14.44132048110552
2021-05-05T18:56:53.000Z,59392,59392,13.88616311961207,13.88616311961207
2021-05-05T18:56:54.000Z,58368,58368,14.249777275219298,14.249777275219298
2021-05-05T18:56:55.000Z,58368,58368,14.145336485745615,14.145336485745615
2021-05-05T18:56:56.000Z,58368,58368,13.99071408991228,13.99071408991228
2021-05-05T18:56:57.000Z,59392,59392,14.19830953663793,14.19830953663793
2021-05-05T18:56:58.000Z,59392,59392,14.139513739224139,14.139513739224139
2021-05-05T18:56:59.000Z,56320,56320,14.399307528409091,14.399307528409091
2021-05-05T18:57:00.000Z,50176,50176,16.932577327806122,16.932577327806122
2021-05-05T18:57:01.000Z,55296,55296,15.154911747685185,15.154911747685185
2021-05-05T18:57:02.000Z,58368,58368,14.120219983552632,14.120219983552632
2021-05-05T18:57:03.000Z,58368,58368,14.092310855263158,14.092310855263158
2021-05-05T18:57:04.000Z,58368,58368,14.07043242872807,14.07043242872807
2021-05-05T18:57:05.000Z,58368,58368,14.192931058114034,14.192931058114034
2021-05-05T18:57:06.000Z,57657,57657,14.224638812286452,14.224638812286452
2021-05-05T18:57:07.000Z,59079,59079,14.345909714111613,14.345909714111613
2021-05-05T18:57:08.000Z,57344,57344,14.087960379464286,14.087960379464286
2021-05-05T18:57:09.000Z,58368,58368,14.059775904605264,14.059775904605264
2021-05-05T18:57:10.000Z,58368,58368,14.27307771381579,14.27307771381579
2021-05-05T18:57:11.000Z,58934,58934,14.086893813418401,14.086893813418401
2021-05-05T18:57:12.000Z,57823,57823,14.03723431852377,14.03723431852377
2021-05-05T18:57:13.000Z,59371,59371,14.04306816459214,14.04306816459214
2021-05-05T18:57:14.000Z,58368,58368,14.109649122807017,14.109649122807017
2021-05-05T18:57:15.000Z,59392,59392,14.011685075431034,14.011685075431034
2021-05-05T18:57:16.000Z,59008,59008,14.039028606290673,14.039028606290673
2021-05-05T18:57:17.000Z,58752,58752,14.117902369281046,14.117902369281046
2021-05-05T18:57:18.000Z,57344,57344,14.213344029017858,14.213344029017858
2021-05-05T18:57:19.000Z,59392,59392,14.0615234375,14.0615234375
2021-05-05T18:57:20.000Z,58313,58313,14.129696637113508,14.129696637113508
2021-05-05T18:57:21.000Z,57399,57399,14.521350546176762,14.521350546176762
2021-05-05T18:57:22.000Z,56320,56320,14.50264559659091,14.50264559659091
2021-05-05T18:57:23.000Z,56320,56320,14.387642045454545,14.387642045454545
2021-05-05T18:57:24.000Z,56320,56320,14.681587357954545,14.681587357954545
2021-05-05T18:57:25.000Z,58368,58368,14.241844846491228,14.241844846491228
2021-05-05T18:57:26.000Z,57344,57344,14.622942243303571,14.622942243303571
2021-05-05T18:57:27.000Z,57344,57344,14.605276925223214,14.605276925223214
2021-05-05T18:57:28.000Z,57344,57344,14.620343889508929,14.620343889508929
2021-05-05T18:57:29.000Z,56320,56320,14.582368607954546,14.582368607954546
2021-05-05T18:57:30.000Z,56320,56320,14.5650390625,14.5650390625
2021-05-05T18:57:31.000Z,49152,49152,17.59747314453125,17.59747314453125
2021-05-05T18:57:32.000Z,54272,54272,15.737267836084905,15.737267836084905
2021-05-05T18:57:33.000Z,56320,56320,14.561843039772727,14.561843039772727
2021-05-05T18:57:34.000Z,56320,56320,14.425923295454545,14.425923295454545
2021-05-05T18:57:35.000Z,57292,57292,14.495549116805138,14.495549116805138
2021-05-05T18:57:36.000Z,56372,56372,14.789895692897183,14.789895692897183
2021-05-05T18:57:37.000Z,56320,56320,14.474343039772727,14.474343039772727
2021-05-05T18:57:38.000Z,58368,58368,14.493266858552632,14.493266858552632
2021-05-05T18:57:39.000Z,56320,56320,14.602219460227273,14.602219460227273
2021-05-05T18:57:40.000Z,56320,56320,14.5955078125,14.5955078125
2021-05-05T18:57:41.000Z,57344,57344,14.593505859375,14.593505859375
2021-05-05T18:57:42.000Z,56320,56320,14.472247869318181,14.472247869318181
2021-05-05T18:57:43.000Z,57344,57344,14.5589599609375,14.5589599609375
2021-05-05T18:57:44.000Z,57344,57344,14.408830915178571,14.408830915178571
2021-05-05T18:57:45.000Z,57332,57332,14.46195841763762,14.46195841763762
2021-05-05T18:57:46.000Z,56332,56332,14.489064829936803,14.489064829936803
2021-05-05T18:57:47.000Z,57344,57344,14.657331194196429,14.657331194196429
2021-05-05T18:57:48.000Z,56320,56320,14.448490767045454,14.448490767045454
2021-05-05T18:57:49.000Z,57344,57344,14.600551060267858,14.600551060267858
2021-05-05T18:57:50.000Z,56328,56328,14.533375940917484,14.533375940917484
2021-05-05T18:57:51.000Z,57336,57336,14.633511232035719,14.633511232035719
2021-05-05T18:57:52.000Z,56320,56320,14.544140625,14.544140625
2021-05-05T18:57:53.000Z,57344,57344,14.564540318080358,14.564540318080358
2021-05-05T18:57:54.000Z,57344,57344,14.569963727678571,14.569963727678571
2021-05-05T18:57:55.000Z,56320,56320,14.535298295454545,14.535298295454545
2021-05-05T18:57:56.000Z,56320,56320,14.490074573863636,14.490074573863636
2021-05-05T18:57:57.000Z,58368,58368,14.447317023026315,14.447317023026315
2021-05-05T18:57:58.000Z,56320,56320,14.560493607954545,14.560493607954545
2021-05-05T18:57:59.000Z,55296,55296,14.631998697916666,14.631998697916666
2021-05-05T18:58:00.000Z,57344,57344,14.599469866071429,14.599469866071429
2021-05-05T18:58:01.000Z,57344,57344,14.6768798828125,14.6768798828125
2021-05-05T18:58:02.000Z,56320,56320,14.8171875,14.8171875
2021-05-05T18:58:03.000Z,54272,54272,15.28340580778302,15.28340580778302
2021-05-05T18:58:04.000Z,57344,57344,14.457066127232142,14.457066127232142
2021-05-05T18:58:05.000Z,57344,57344,14.580269949776786,14.580269949776786
2021-05-05T18:58:06.000Z,57344,57344,14.655814034598214,14.655814034598214
2021-05-05T18:58:07.000Z,57344,57344,14.607997349330358,14.607997349330358
2021-05-05T18:58:08.000Z,56320,56320,14.676509232954546,14.676509232954546
2021-05-05T18:58:09.000Z,57216,57216,14.563531180089486,14.563531180089486
2021-05-05T18:58:10.000Z,57472,57472,14.49664184298441,14.49664184298441
2021-05-05T18:58:11.000Z,56320,56320,14.714080255681818,14.714080255681818
2021-05-05T18:58:12.000Z,56320,56320,14.4798828125,14.4798828125
2021-05-05T18:58:13.000Z,57344,57344,14.495082310267858,14.495082310267858
2021-05-05T18:58:14.000Z,57305,57305,14.463938574295437,14.463938574295437
2021-05-05T18:58:15.000Z,56359,56359,14.526127149168722,14.526127149168722
2021-05-05T18:58:16.000Z,58179,58179,14.450884339710205,14.450884339710205
2021-05-05T18:58:17.000Z,57533,57533,14.455825352406444,14.455825352406444
2021-05-05T18:58:18.000Z,56320,56320,14.541637073863637,14.541637073863637
2021-05-05T18:58:19.000Z,57344,57344,14.571794782366071,14.571794782366071
2021-05-05T18:58:20.000Z,56320,56320,14.612943892045454,14.612943892045454
2021-05-05T18:58:21.000Z,56320,56320,14.784410511363637,14.784410511363637
2021-05-05T18:58:22.000Z,56320,56320,14.664222301136364,14.664222301136364
2021-05-05T18:58:23.000Z,56320,56320,14.562890625,14.562890625
2021-05-05T18:58:24.000Z,56320,56320,14.423064630681818,14.423064630681818
2021-05-05T18:58:25.000Z,57344,57344,14.482177734375,14.482177734375
2021-05-05T18:58:26.000Z,56320,56320,14.642258522727273,14.642258522727273
2021-05-05T18:58:27.000Z,57344,57344,14.604561941964286,14.604561941964286
2021-05-05T18:58:28.000Z,57344,57344,14.161795479910714,14.161795479910714
2021-05-05T18:58:29.000Z,57344,57344,14.248430524553571,14.248430524553571
2021-05-05T18:58:30.000Z,58368,58368,14.156112938596491,14.156112938596491
2021-05-05T18:58:31.000Z,58368,58368,14.024225603070175,14.024225603070175
2021-05-05T18:58:32.000Z,58455,58455,14.074775468308955,14.074775468308955
2021-05-05T18:58:33.000Z,59305,59305,14.213506449709131,14.213506449709131
2021-05-05T18:58:34.000Z,46080,46080,18.49123263888889,18.49123263888889
2021-05-05T18:58:35.000Z,58368,58368,14.13171600877193,14.13171600877193
2021-05-05T18:58:36.000Z,58368,58368,14.480777138157896,14.480777138157896
2021-05-05T18:58:37.000Z,57344,57344,14.15966796875,14.15966796875
2021-05-05T18:58:38.000Z,59392,59392,13.960920662715518,13.960920662715518
2021-05-05T18:58:39.000Z,58368,58368,14.152480811403509,14.152480811403509
2021-05-05T18:58:40.000Z,58368,58368,14.123869243421053,14.123869243421053
2021-05-05T18:58:41.000Z,58368,58368,14.011084841008772,14.011084841008772
2021-05-05T18:58:42.000Z,59392,59392,14.190530711206897,14.190530711206897
2021-05-05T18:58:43.000Z,59392,59392,14.275895743534482,14.275895743534482
2021-05-05T18:58:44.000Z,57344,57344,14.053780691964286,14.053780691964286
2021-05-05T18:58:45.000Z,58368,58368,14.20874451754386,14.20874451754386
2021-05-05T18:58:46.000Z,58368,58368,14.139305783991228,14.139305783991228
2021-05-05T18:58:47.000Z,58368,58368,14.131801672149123,14.131801672149123
2021-05-05T18:58:48.000Z,58368,58368,14.03272341008772,14.03272341008772
2021-05-05T18:58:49.000Z,57344,57344,14.201206752232142,14.201206752232142
2021-05-05T18:58:50.000Z,57344,57344,14.214128766741071,14.214128766741071
2021-05-05T18:58:51.000Z,53248,53248,14.965745192307692,14.965745192307692
2021-05-05T18:58:52.000Z,51200,51200,18.54625,18.54625
2021-05-05T18:58:53.000Z,57941,57941,14.21225039264079,14.21225039264079
2021-05-05T18:58:54.000Z,57771,57771,14.349639092278133,14.349639092278133
2021-05-05T18:58:55.000Z,58368,58368,14.221456962719298,14.221456962719298
2021-05-05T18:58:56.000Z,58368,58368,14.228584155701755,14.228584155701755
2021-05-05T18:58:57.000Z,57344,57344,14.271728515625,14.271728515625
2021-05-05T18:58:58.000Z,58368,58368,14.223204495614034,14.223204495614034
2021-05-05T18:58:59.000Z,58368,58368,14.060701069078947,14.060701069078947
2021-05-05T18:59:00.000Z,58368,58368,14.211759868421053,14.211759868421053
2021-05-05T18:59:01.000Z,57344,57344,14.258736746651786,14.258736746651786
2021-05-05T18:59:02.000Z,57932,57932,14.17473934958227,14.17473934958227
2021-05-05T18:59:03.000Z,57780,57780,14.24546555901696,14.24546555901696
2021-05-05T18:59:04.000Z,58112,58112,14.183507709251101,14.183507709251101
2021-05-05T18:59:05.000Z,57600,57600,14.265364583333334,14.265364583333334
2021-05-05T18:59:06.000Z,59392,59392,14.053761449353448,14.053761449353448
2021-05-05T18:59:07.000Z,58368,58368,14.153217516447368,14.153217516447368
2021-05-05T18:59:08.000Z,58368,58368,14.067040158991228,14.067040158991228
2021-05-05T18:59:09.000Z,58368,58368,13.963216145833334,13.963216145833334
2021-05-05T18:59:10.000Z,59392,59392,14.05291958512931,14.05291958512931
2021-05-05T18:59:11.000Z,57344,57344,14.147373744419642,14.147373744419642
2021-05-05T18:59:12.000Z,59392,59392,14.03076171875,14.03076171875
2021-05-05T18:59:13.000Z,58368,58368,14.129848547149123,14.129848547149123
2021-05-05T18:59:14.000Z,58368,58368,14.164850603070175,14.164850603070175
2021-05-05T18:59:15.000Z,57344,57344,14.109061104910714,14.109061104910714
2021-05-05T18:59:16.000Z,58368,58368,14.110728481359649,14.110728481359649
2021-05-05T18:59:17.000Z,58231,58231,14.152444574195876,14.152444574195876
2021-05-05T18:59:18.000Z,57481,57481,14.129068735756164,14.129068735756164
2021-05-05T18:59:19.000Z,58368,58368,14.007966694078947,14.007966694078947
2021-05-05T18:59:20.000Z,58368,58368,14.281147203947368,14.281147203947368
2021-05-05T18:59:21.000Z,58368,58368,13.992016173245615,13.992016173245615
2021-05-05T18:59:22.000Z,58368,58368,13.986533717105264,13.986533717105264
2021-05-05T18:59:23.000Z,58368,58368,14.084138569078947,14.084138569078947
2021-05-05T18:59:24.000Z,58368,58368,14.048005756578947,14.048005756578947
2021-05-05T18:59:25.000Z,53248,53248,15.27276141826923,15.27276141826923
2021-05-05T18:59:26.000Z,52841,52841,15.811415378210102,15.811415378210102
2021-05-05T18:59:27.000Z,58775,58775,13.939736282433007,13.939736282433007
2021-05-05T18:59:28.000Z,58368,58368,14.021295915570175,14.021295915570175
2021-05-05T18:59:29.000Z,58368,58368,14.02977658991228,14.02977658991228
2021-05-05T18:59:30.000Z,59392,59392,13.961442618534482,13.961442618534482
2021-05-05T18:59:31.000Z,57344,57344,14.089686802455358,14.089686802455358
2021-05-05T18:59:32.000Z,59392,59392,13.936203529094827,13.936203529094827
2021-05-05T18:59:33.000Z,59392,59392,14.095349542025861,14.095349542025861
2021-05-05T18:59:34.000Z,58345,58345,14.467872139857743,14.467872139857743
2021-05-05T18:59:35.000Z,57367,57367,14.390799588613662,14.390799588613662
2021-05-05T18:59:36.000Z,58368,58368,14.293260005482455,14.293260005482455
2021-05-05T18:59:37.000Z,58368,58368,14.095017817982455,14.095017817982455
2021-05-05T18:59:38.000Z,58368,58368,13.964569627192983,13.964569627192983
2021-05-05T18:59:39.000Z,58368,58368,14.135313870614034,14.135313870614034
2021-05-05T18:59:40.000Z,59198,59198,14.073600459474982,14.073600459474982
2021-05-05T18:59:41.000Z,58562,58562,14.183327072162836,14.183327072162836
2021-05-05T18:59:42.000Z,58368,58368,14.079649808114034,14.079649808114034
2021-05-05T18:59:43.000Z,59392,59392,14.085785964439655,14.085785964439655
2021-05-05T18:59:44.000Z,59392,59392,14.120235048491379,14.120235048491379
2021-05-05T18:59:45.000Z,58368,58368,14.055389939692983,14.055389939692983
2021-05-05T18:59:46.000Z,58368,58368,14.105314555921053,14.105314555921053
2021-05-05T18:59:47.000Z,58368,58368,14.077696683114034,14.077696683114034
2021-05-05T18:59:48.000Z,57344,57344,14.062395368303571,14.062395368303571
2021-05-05T18:59:49.000Z,58368,58368,14.005945038377194,14.005945038377194
2021-05-05T18:59:50.000Z,58368,58368,14.054293448464913,14.054293448464913
2021-05-05T18:59:51.000Z,57344,57344,14.331263950892858,14.331263950892858
2021-05-05T18:59:52.000Z,59392,59392,14.054047683189655,14.054047683189655
2021-05-05T18:59:53.000Z,57344,57344,14.234183175223214,14.234183175223214
2021-05-05T18:59:54.000Z,58368,58368,14.25793242872807,14.25793242872807
2021-05-05T18:59:55.000Z,59136,59136,14.053047213203463,14.053047213203463
2021-05-05T18:59:56.000Z,55552,55552,14.842471918202765,14.842471918202765
2021-05-05T18:59:57.000Z,51812,51812,16.135895159422528,16.135895159422528
2021-05-05T18:59:58.000Z,58780,58780,14.13880571623001,14.13880571623001
2021-05-05T18:59:59.000Z,59392,59392,14.002542429956897,14.002542429956897
2021-05-05T19:00:00.000Z,58368,58368,14.134971217105264,14.134971217105264
2021-05-05T19:00:01.000Z,57344,57344,14.166695731026786,14.166695731026786
2021-05-05T19:00:02.000Z,58368,58368,14.054310581140351,14.054310581140351
2021-05-05T19:00:03.000Z,58368,58368,14.178899396929825,14.178899396929825
2021-05-05T19:00:04.000Z,58368,58368,14.084035773026315,14.084035773026315
2021-05-05T19:00:05.000Z,59136,59136,13.98036728896104,13.98036728896104
2021-05-05T19:00:06.000Z,58624,58624,14.177418804585153,14.177418804585153
2021-05-05T19:00:07.000Z,57475,57475,14.16450630709004,14.16450630709004
2021-05-05T19:00:08.000Z,59261,59261,14.019911915087494,14.019911915087494
2021-05-05T19:00:09.000Z,58368,58368,14.024962308114034,14.024962308114034
2021-05-05T19:00:10.000Z,59392,59392,14.102522225215518,14.102522225215518
2021-05-05T19:00:11.000Z,59392,59392,14.06670932112069,14.06670932112069
2021-05-05T19:00:12.000Z,58368,58368,14.021038925438596,14.021038925438596
2021-05-05T19:00:13.000Z,59392,59392,14.124191810344827,14.124191810344827
2021-05-05T19:00:14.000Z,58368,58368,14.028114720394736,14.028114720394736
2021-05-05T19:00:15.000Z,58368,58368,14.148865816885966,14.148865816885966
2021-05-05T19:00:16.000Z,57344,57344,14.328508649553571,14.328508649553571
2021-05-05T19:00:17.000Z,58368,58368,14.159196820175438,14.159196820175438
2021-05-05T19:00:18.000Z,58368,58368,14.134919819078947,14.134919819078947
2021-05-05T19:00:19.000Z,58368,58368,14.096028645833334,14.096028645833334
2021-05-05T19:00:20.000Z,58368,58368,14.158477247807017,14.158477247807017
2021-05-05T19:00:21.000Z,59139,59139,14.12316745294983,14.12316745294983
2021-05-05T19:00:22.000Z,58621,58621,14.065096125961686,14.065096125961686
2021-05-05T19:00:23.000Z,58368,58368,13.974917763157896,13.974917763157896
2021-05-05T19:00:24.000Z,58368,58368,14.088233278508772,14.088233278508772
2021-05-05T19:00:25.000Z,59392,59392,14.036604256465518,14.036604256465518
2021-05-05T19:00:26.000Z,58368,58368,14.079769736842104,14.079769736842104
2021-05-05T19:00:27.000Z,57344,57344,14.060215541294642,14.060215541294642
2021-05-05T19:00:28.000Z,50176,50176,16.639409279336736,16.639409279336736
2021-05-05T19:00:29.000Z,57344,57344,14.577793666294642,14.577793666294642
2021-05-05T19:00:30.000Z,58368,58368,14.138945997807017,14.138945997807017
2021-05-05T19:00:31.000Z,58368,58368,14.110574287280702,14.110574287280702
2021-05-05T19:00:32.000Z,59392,59392,14.08770541487069,14.08770541487069
2021-05-05T19:00:33.000Z,58368,58368,14.110882675438596,14.110882675438596
2021-05-05T19:00:34.000Z,58368,58368,13.965717516447368,13.965717516447368
2021-05-05T19:00:35.000Z,59176,59176,14.028085710423145,14.028085710423145
2021-05-05T19:00:36.000Z,58584,58584,14.140977058582548,14.140977058582548
2021-05-05T19:00:37.000Z,58368,58368,14.03930235745614,14.03930235745614
2021-05-05T19:00:38.000Z,58368,58368,14.045932702850877,14.045932702850877
2021-05-05T19:00:39.000Z,58368,58368,14.060272752192983,14.060272752192983
2021-05-05T19:00:40.000Z,59392,59392,14.259816136853448,14.259816136853448
2021-05-05T19:00:41.000Z,58368,58368,14.257949561403509,14.257949561403509
2021-05-05T19:00:42.000Z,59392,59392,14.126515355603448,14.126515355603448
2021-05-05T19:00:43.000Z,58368,58368,14.086451480263158,14.086451480263158
2021-05-05T19:00:44.000Z,58368,58368,14.072214226973685,14.072214226973685
2021-05-05T19:00:45.000Z,59392,59392,14.012813173491379,14.012813173491379
2021-05-05T19:00:46.000Z,58368,58368,14.103789747807017,14.103789747807017
2021-05-05T19:00:47.000Z,59392,59392,14.060008081896552,14.060008081896552
2021-05-05T19:00:48.000Z,58368,58368,14.111430921052632,14.111430921052632
2021-05-05T19:00:49.000Z,58368,58368,14.226339775219298,14.226339775219298
2021-05-05T19:00:50.000Z,58368,58368,14.157929002192983,14.157929002192983
2021-05-05T19:00:51.000Z,58368,58368,14.117992735745615,14.117992735745615
2021-05-05T19:00:52.000Z,58368,58368,14.189281798245615,14.189281798245615
2021-05-05T19:00:53.000Z,58368,58368,14.037863212719298,14.037863212719298
2021-05-05T19:00:54.000Z,59392,59392,14.117136988146552,14.117136988146552
2021-05-05T19:00:55.000Z,58368,58368,14.225311814692983,14.225311814692983
2021-05-05T19:00:56.000Z,57984,57984,14.15369757174393,14.15369757174393
2021-05-05T19:00:57.000Z,58752,58752,14.189814814814815,14.189814814814815
2021-05-05T19:00:58.000Z,58368,58368,14.170452987938596,14.170452987938596
2021-05-05T19:00:59.000Z,54065,54065,15.615444372514565,15.615444372514565
2021-05-05T19:01:00.000Z,53455,53455,15.29589374240015,15.29589374240015
2021-05-05T19:01:01.000Z,57344,57344,14.337995256696429,14.337995256696429
2021-05-05T19:01:02.000Z,57344,57344,14.1795654296875,14.1795654296875
2021-05-05T19:01:03.000Z,57344,57344,14.207781110491071,14.207781110491071
2021-05-05T19:01:04.000Z,57344,57344,14.421229771205358,14.421229771205358
2021-05-05T19:01:05.000Z,59164,59164,14.185298492326416,14.185298492326416
2021-05-05T19:01:06.000Z,57572,57572,14.387080525255332,14.387080525255332
2021-05-05T19:01:07.000Z,59392,59392,14.256263469827585,14.256263469827585
2021-05-05T19:01:08.000Z,58368,58368,14.146758497807017,14.146758497807017
2021-05-05T19:01:09.000Z,58368,58368,14.161321271929825,14.161321271929825
2021-05-05T19:01:10.000Z,59392,59392,14.128013873922415,14.128013873922415
2021-05-05T19:01:11.000Z,58368,58368,14.204324287280702,14.204324287280702
2021-05-05T19:01:12.000Z,58368,58368,14.204118695175438,14.204118695175438
2021-05-05T19:01:13.000Z,58368,58368,14.11316132127193,14.11316132127193
2021-05-05T19:01:14.000Z,59392,59392,14.232539735991379,14.232539735991379
2021-05-05T19:01:15.000Z,58368,58368,14.163377192982455,14.163377192982455
2021-05-05T19:01:16.000Z,58368,58368,14.176226699561404,14.176226699561404
2021-05-05T19:01:17.000Z,58368,58368,14.230160361842104,14.230160361842104
2021-05-05T19:01:18.000Z,58368,58368,14.261187637061404,14.261187637061404
2021-05-05T19:01:19.000Z,59392,59392,14.249242322198276,14.249242322198276
2021-05-05T19:01:20.000Z,58368,58368,14.120956688596491,14.120956688596491
2021-05-05T19:01:21.000Z,58368,58368,14.173862390350877,14.173862390350877
2021-05-05T19:01:22.000Z,58368,58368,14.133155153508772,14.133155153508772
2021-05-05T19:01:23.000Z,58368,58368,14.102025082236842,14.102025082236842
2021-05-05T19:01:24.000Z,58368,58368,14.064761513157896,14.064761513157896
2021-05-05T19:01:25.000Z,58368,58368,14.234409265350877,14.234409265350877
2021-05-05T19:01:26.000Z,58368,58368,14.171343887061404,14.171343887061404
2021-05-05T19:01:27.000Z,59392,59392,14.094507677801724,14.094507677801724
2021-05-05T19:01:28.000Z,58368,58368,14.178556743421053,14.178556743421053
2021-05-05T19:01:29.000Z,59392,59392,14.157243399784482,14.157243399784482
2021-05-05T19:01:30.000Z,57344,57344,14.197126116071429,14.197126116071429
2021-05-05T19:01:31.000Z,55296,55296,15.046838831018519,15.046838831018519
2021-05-05T19:01:32.000Z,56320,56320,15.022620738636364,15.022620738636364
2021-05-05T19:01:33.000Z,57344,57344,14.453299386160714,14.453299386160714
2021-05-05T19:01:34.000Z,58368,58368,14.060101425438596,14.060101425438596
2021-05-05T19:01:35.000Z,59392,59392,14.21735250538793,14.21735250538793
2021-05-05T19:01:36.000Z,58368,58368,14.219812225877194,14.219812225877194
2021-05-05T19:01:37.000Z,58225,58225,14.188733361957922,14.188733361957922
2021-05-05T19:01:38.000Z,57517,57517,14.220421788340838,14.220421788340838
2021-05-05T19:01:39.000Z,58338,58338,14.166015290205355,14.166015290205355
2021-05-05T19:01:40.000Z,58368,58368,14.147015487938596,14.147015487938596
2021-05-05T19:01:41.000Z,58368,58368,14.266464501096491,14.266464501096491
2021-05-05T19:01:42.000Z,58368,58368,14.117478755482455,14.117478755482455
2021-05-05T19:01:43.000Z,58368,58368,14.183422423245615,14.183422423245615
2021-05-05T19:01:44.000Z,58368,58368,14.266156112938596,14.266156112938596
2021-05-05T19:01:45.000Z,58368,58368,14.237013432017545,14.237013432017545
2021-05-05T19:01:46.000Z,58368,58368,14.093098958333334,14.093098958333334
2021-05-05T19:01:47.000Z,58368,58368,14.197796737938596,14.197796737938596
2021-05-05T19:01:48.000Z,58368,58368,14.369140625,14.369140625
2021-05-05T19:01:49.000Z,58368,58368,14.214518229166666,14.214518229166666
2021-05-05T19:01:50.000Z,58368,58368,14.204872532894736,14.204872532894736
2021-05-05T19:01:51.000Z,57344,57344,14.380841936383929,14.380841936383929
2021-05-05T19:01:52.000Z,58368,58368,14.179653234649123,14.179653234649123
2021-05-05T19:01:53.000Z,59392,59392,14.106192753232758,14.106192753232758
2021-05-05T19:01:54.000Z,59315,59315,14.114321841018292,14.114321841018292
2021-05-05T19:01:55.000Z,58445,58445,14.178954572675165,14.178954572675165
2021-05-05T19:01:56.000Z,59392,59392,14.201508620689655,14.201508620689655
2021-05-05T19:01:57.000Z,57344,57344,14.443132672991071,14.443132672991071
2021-05-05T19:01:58.000Z,58368,58368,14.237270422149123,14.237270422149123
2021-05-05T19:01:59.000Z,58870,58870,14.277390861219637,14.277390861219637
2021-05-05T19:02:00.000Z,57866,57866,14.21456468392493,14.21456468392493
2021-05-05T19:02:01.000Z,58368,58368,14.199235882675438,14.199235882675438
2021-05-05T19:02:02.000Z,56320,56320,14.948792613636364,14.948792613636364
2021-05-05T19:02:03.000Z,53248,53248,15.518817608173077,15.518817608173077
2021-05-05T19:02:04.000Z,59392,59392,14.225198679956897,14.225198679956897
2021-05-05T19:02:05.000Z,58368,58368,14.109563459429825,14.109563459429825
2021-05-05T19:02:06.000Z,57344,57344,14.141845703125,14.141845703125
2021-05-05T19:02:07.000Z,59392,59392,14.223649649784482,14.223649649784482
2021-05-05T19:02:08.000Z,58368,58368,14.12866639254386,14.12866639254386
2021-05-05T19:02:09.000Z,58368,58368,14.141892817982455,14.141892817982455
2021-05-05T19:02:10.000Z,58368,58368,14.038856907894736,14.038856907894736
2021-05-05T19:02:11.000Z,59127,59127,14.18306357501649,14.18306357501649
2021-05-05T19:02:12.000Z,58476,58476,14.154832751898214,14.154832751898214
2021-05-05T19:02:13.000Z,58232,58232,14.190393598021707,14.190393598021707
2021-05-05T19:02:14.000Z,58661,58661,14.1322855048499,14.1322855048499
2021-05-05T19:02:15.000Z,58368,58368,14.183456688596491,14.183456688596491
2021-05-05T19:02:16.000Z,58368,58368,14.172406112938596,14.172406112938596
2021-05-05T19:02:17.000Z,58368,58368,14.510656524122806,14.510656524122806
2021-05-05T19:02:18.000Z,58624,58624,14.15065502183406,14.15065502183406
2021-05-05T19:02:19.000Z,58112,58112,14.256848843612335,14.256848843612335
2021-05-05T19:02:20.000Z,57344,57344,14.234828404017858,14.234828404017858
2021-05-05T19:02:21.000Z,58368,58368,14.274705317982455,14.274705317982455
2021-05-05T19:02:22.000Z,58368,58368,14.3017578125,14.3017578125
2021-05-05T19:02:23.000Z,58368,58368,14.12659333881579,14.12659333881579
2021-05-05T19:02:24.000Z,57344,57344,14.218819754464286,14.218819754464286
2021-05-05T19:02:25.000Z,58368,58368,14.099181058114034,14.099181058114034
2021-05-05T19:02:26.000Z,58368,58368,14.192485608552632,14.192485608552632
2021-05-05T19:02:27.000Z,58368,58368,14.258891858552632,14.258891858552632
2021-05-05T19:02:28.000Z,57344,57344,14.309744698660714,14.309744698660714
2021-05-05T19:02:29.000Z,58368,58368,14.21227384868421,14.21227384868421
2021-05-05T19:02:30.000Z,57344,57344,14.196149553571429,14.196149553571429
2021-05-05T19:02:31.000Z,57344,57344,14.436872209821429,14.436872209821429
2021-05-05T19:02:32.000Z,58368,58368,14.141635827850877,14.141635827850877
2021-05-05T19:02:33.000Z,57344,57344,14.377214704241071,14.377214704241071
2021-05-05T19:02:34.000Z,41984,41984,20.70772198932927,20.70772198932927
2021-05-05T19:02:35.000Z,58368,58368,14.016498766447368,14.016498766447368
2021-05-05T19:02:36.000Z,59392,59392,14.137038658405173,14.137038658405173
2021-05-05T19:02:37.000Z,57355,57355,14.107767413477465,14.107767413477465
2021-05-05T19:02:38.000Z,59381,59381,14.132416092689581,14.132416092689581
2021-05-05T19:02:39.000Z,58368,58368,14.142012746710526,14.142012746710526
2021-05-05T19:02:40.000Z,58368,58368,14.038017406798245,14.038017406798245
2021-05-05T19:02:41.000Z,58368,58368,14.149602521929825,14.149602521929825
2021-05-05T19:02:42.000Z,58368,58368,14.059416118421053,14.059416118421053
2021-05-05T19:02:43.000Z,58368,58368,14.05321408991228,14.05321408991228
2021-05-05T19:02:44.000Z,59383,59383,14.073606924540693,14.073606924540693
2021-05-05T19:02:45.000Z,59360,59360,14.06199460916442,14.06199460916442
2021-05-05T19:02:46.000Z,57385,57385,14.486433737039295,14.486433737039295
2021-05-05T19:02:47.000Z,58368,58368,14.246796189692983,14.246796189692983
2021-05-05T19:02:48.000Z,59392,59392,14.161604256465518,14.161604256465518
2021-05-05T19:02:49.000Z,58368,58368,14.110557154605264,14.110557154605264
2021-05-05T19:02:50.000Z,57344,57344,14.123099190848214,14.123099190848214
2021-05-05T19:02:51.000Z,58368,58368,14.306058114035087,14.306058114035087
2021-05-05T19:02:52.000Z,57344,57344,14.331455775669642,14.331455775669642
2021-05-05T19:02:53.000Z,58368,58368,14.3056640625,14.3056640625
2021-05-05T19:02:54.000Z,50176,50176,16.734793526785715,16.734793526785715
2021-05-05T19:02:55.000Z,57344,57344,14.242222377232142,14.242222377232142
2021-05-05T19:02:56.000Z,58368,58368,14.166700932017545,14.166700932017545
2021-05-05T19:02:57.000Z,59149,59149,14.156012781281172,14.156012781281172
2021-05-05T19:02:58.000Z,58611,58611,14.133968026479671,14.133968026479671
2021-05-05T19:02:59.000Z,58368,58368,14.115782620614034,14.115782620614034
2021-05-05T19:03:00.000Z,58368,58368,14.052939967105264,14.052939967105264
2021-05-05T19:03:01.000Z,58368,58368,14.41930509868421,14.41930509868421
2021-05-05T19:03:02.000Z,59281,59281,14.148799784079216,14.148799784079216
2021-05-05T19:03:03.000Z,57455,57455,14.32769993908276,14.32769993908276
2021-05-05T19:03:04.000Z,58368,58368,14.13550233004386,14.13550233004386
2021-05-05T19:03:05.000Z,58921,58921,14.116647714736681,14.116647714736681
2021-05-05T19:03:06.000Z,58839,58839,14.0534849334625,14.0534849334625
2021-05-05T19:03:07.000Z,58952,58952,14.162403311168408,14.162403311168408
2021-05-05T19:03:08.000Z,58808,58808,14.140338049245,14.140338049245
2021-05-05T19:03:09.000Z,58368,58368,14.226613898026315,14.226613898026315
2021-05-05T19:03:10.000Z,58368,58368,14.228104440789474,14.228104440789474
2021-05-05T19:03:11.000Z,59326,59326,14.089471732461316,14.089471732461316
2021-05-05T19:03:12.000Z,57776,57776,14.332560232622543,14.332560232622543
2021-05-05T19:03:13.000Z,59026,59026,14.246755666994206,14.246755666994206
2021-05-05T19:03:14.000Z,58368,58368,14.31128358004386,14.31128358004386
2021-05-05T19:03:15.000Z,58368,58368,14.354183799342104,14.354183799342104
2021-05-05T19:03:16.000Z,58368,58368,14.206123218201755,14.206123218201755
2021-05-05T19:03:17.000Z,58368,58368,14.225209018640351,14.225209018640351
2021-05-05T19:03:18.000Z,58368,58368,14.205900493421053,14.205900493421053
2021-05-05T19:03:19.000Z,58368,58368,14.188699287280702,14.188699287280702
2021-05-05T19:03:20.000Z,58368,58368,14.212582236842104,14.212582236842104
2021-05-05T19:03:21.000Z,58368,58368,14.141824287280702,14.141824287280702
2021-05-05T19:03:22.000Z,58368,58368,14.299085115131579,14.299085115131579
2021-05-05T19:03:23.000Z,58368,58368,14.09813596491228,14.09813596491228
2021-05-05T19:03:24.000Z,58368,58368,14.174239309210526,14.174239309210526
2021-05-05T19:03:25.000Z,51200,51200,16.61025390625,16.61025390625
2021-05-05T19:03:26.000Z,47933,47933,18.003943003776104,18.003943003776104
2021-05-05T19:03:27.000Z,55491,55491,14.847452740083977,14.847452740083977
2021-05-05T19:03:28.000Z,58368,58368,14.119774533991228,14.119774533991228
2021-05-05T19:03:29.000Z,59392,59392,14.13287984913793,14.13287984913793
2021-05-05T19:03:30.000Z,57344,57344,14.4910888671875,14.4910888671875
2021-05-05T19:03:31.000Z,59392,59392,14.168692753232758,14.168692753232758
2021-05-05T19:03:32.000Z,58368,58368,14.269068667763158,14.269068667763158
2021-05-05T19:03:33.000Z,58368,58368,14.1650390625,14.1650390625
2021-05-05T19:03:34.000Z,59358,59358,14.069089255028809,14.069089255028809
2021-05-05T19:03:35.000Z,58402,58402,14.06489503784117,14.06489503784117
2021-05-05T19:03:36.000Z,57984,57984,14.072916666666666,14.072916666666666
2021-05-05T19:03:37.000Z,57728,57728,14.290413664079823,14.290413664079823
2021-05-05T19:03:38.000Z,58368,58368,14.160241913377194,14.160241913377194
2021-05-05T19:03:39.000Z,59392,59392,14.16241244612069,14.16241244612069
2021-05-05T19:03:40.000Z,59392,59392,14.125690328663794,14.125690328663794
2021-05-05T19:03:41.000Z,59392,59392,14.136213631465518,14.136213631465518
2021-05-05T19:03:42.000Z,59392,59392,14.111563846982758,14.111563846982758
2021-05-05T19:03:43.000Z,58368,58368,14.165227521929825,14.165227521929825
2021-05-05T19:03:44.000Z,58368,58368,14.403662966008772,14.403662966008772
2021-05-05T19:03:45.000Z,59392,59392,14.126128098060345,14.126128098060345
2021-05-05T19:03:46.000Z,57624,57624,14.156740247119256,14.156740247119256
2021-05-05T19:03:47.000Z,59112,59112,14.04604817972662,14.04604817972662
2021-05-05T19:03:48.000Z,59392,59392,14.072871767241379,14.072871767241379
2021-05-05T19:03:49.000Z,58368,58368,14.061574835526315,14.061574835526315
2021-05-05T19:03:50.000Z,58368,58368,14.039439418859649,14.039439418859649
2021-05-05T19:03:51.000Z,58368,58368,14.08410430372807,14.08410430372807
2021-05-05T19:03:52.000Z,59392,59392,14.013065732758621,14.013065732758621
2021-05-05T19:03:53.000Z,58917,58917,14.12770507663323,14.12770507663323
2021-05-05T19:03:54.000Z,59111,59111,14.045439935037471,14.045439935037471
2021-05-05T19:03:55.000Z,59124,59124,14.127748460861918,14.127748460861918
2021-05-05T19:03:56.000Z,58368,58368,14.127467105263158,14.127467105263158
2021-05-05T19:03:57.000Z,57344,57344,14.346051897321429,14.346051897321429
2021-05-05T19:03:58.000Z,55296,55296,15.033619068287036,15.033619068287036
2021-05-05T19:03:59.000Z,51816,51816,16.283368071638105,16.283368071638105
2021-05-05T19:04:00.000Z,57752,57752,14.546388003878654,14.546388003878654
2021-05-05T19:04:01.000Z,58368,58368,14.182702850877194,14.182702850877194
2021-05-05T19:04:02.000Z,59264,59264,14.230004724622031,14.230004724622031
2021-05-05T19:04:03.000Z,58496,58496,14.13366725929978,14.13366725929978
2021-05-05T19:04:04.000Z,57344,57344,14.1162109375,14.1162109375
2021-05-05T19:04:05.000Z,59162,59162,14.161539501707177,14.161539501707177
2021-05-05T19:04:06.000Z,59377,59377,14.128079896256127,14.128079896256127
2021-05-05T19:04:07.000Z,58613,58613,14.223056318564142,14.223056318564142
2021-05-05T19:04:08.000Z,58368,58368,14.30199766995614,14.30199766995614
2021-05-05T19:04:09.000Z,59392,59392,14.112708782327585,14.112708782327585
2021-05-05T19:04:10.000Z,58368,58368,14.120134320175438,14.120134320175438
2021-05-05T19:04:11.000Z,59214,59214,14.154912689566656,14.154912689566656
2021-05-05T19:04:12.000Z,57522,57522,14.176002225235562,14.176002225235562
2021-05-05T19:04:13.000Z,58368,58368,14.291152686403509,14.291152686403509
2021-05-05T19:04:14.000Z,58368,58368,14.15308045504386,14.15308045504386
2021-05-05T19:04:15.000Z,58368,58368,14.145524945175438,14.145524945175438
2021-05-05T19:04:16.000Z,57344,57344,14.133248465401786,14.133248465401786
2021-05-05T19:04:17.000Z,59392,59392,14.018521012931034,14.018521012931034
2021-05-05T19:04:18.000Z,59392,59392,14.054552801724139,14.054552801724139
2021-05-05T19:04:19.000Z,57999,57999,14.044914567492542,14.044914567492542
2021-05-05T19:04:20.000Z,57713,57713,14.170186959610486,14.170186959610486
2021-05-05T19:04:21.000Z,58368,58368,14.132161458333334,14.132161458333334
2021-05-05T19:04:22.000Z,58368,58368,14.190018503289474,14.190018503289474
2021-05-05T19:04:23.000Z,58368,58368,14.167557565789474,14.167557565789474
2021-05-05T19:04:24.000Z,58997,58997,14.133396613387122,14.133396613387122
2021-05-05T19:04:25.000Z,58763,58763,14.177798955124823,14.177798955124823
2021-05-05T19:04:26.000Z,58368,58368,14.17418791118421,14.17418791118421
2021-05-05T19:04:27.000Z,58368,58368,14.144222861842104,14.144222861842104
2021-05-05T19:04:28.000Z,58368,58368,14.544750548245615,14.544750548245615
2021-05-05T19:04:29.000Z,58368,58368,14.180218612938596,14.180218612938596
2021-05-05T19:04:30.000Z,54272,54272,15.147608343160377,15.147608343160377
2021-05-05T19:04:31.000Z,52224,52224,15.885378370098039,15.885378370098039
2021-05-05T19:04:32.000Z,54272,54272,16.15033534787736,16.15033534787736
2021-05-05T19:04:33.000Z,58368,58368,14.125034265350877,14.125034265350877
2021-05-05T19:04:34.000Z,59392,59392,14.132610452586206,14.132610452586206
2021-05-05T19:04:35.000Z,58368,58368,14.019377055921053,14.019377055921053
2021-05-05T19:04:36.000Z,58368,58368,14.117992735745615,14.117992735745615
2021-05-05T19:04:37.000Z,59240,59240,14.173041863605672,14.173041863605672
2021-05-05T19:04:38.000Z,57573,57573,14.169906032341549,14.169906032341549
2021-05-05T19:04:39.000Z,59315,59315,14.05143724184439,14.05143724184439
2021-05-05T19:04:40.000Z,58368,58368,14.015607867324562,14.015607867324562
2021-05-05T19:04:41.000Z,58368,58368,14.193787691885966,14.193787691885966
2021-05-05T19:04:42.000Z,58368,58368,14.357970120614034,14.357970120614034
2021-05-05T19:04:43.000Z,59392,59392,14.248063712284482,14.248063712284482
2021-05-05T19:04:44.000Z,59150,59150,14.115621301775148,14.115621301775148
2021-05-05T19:04:45.000Z,58610,58610,14.028135130523802,14.028135130523802
2021-05-05T19:04:46.000Z,58368,58368,14.193462171052632,14.193462171052632
2021-05-05T19:04:47.000Z,58368,58368,14.002501370614034,14.002501370614034
2021-05-05T19:04:48.000Z,60416,60416,14.04387910487288,14.04387910487288
2021-05-05T19:04:49.000Z,58368,58368,14.09703947368421,14.09703947368421
2021-05-05T19:04:50.000Z,57351,57351,14.115656222210598,14.115656222210598
2021-05-05T19:04:51.000Z,59385,59385,14.13137997810895,14.13137997810895
2021-05-05T19:04:52.000Z,58368,58368,14.107267680921053,14.107267680921053
2021-05-05T19:04:53.000Z,57344,57344,14.464826311383929,14.464826311383929
2021-05-05T19:04:54.000Z,58368,58368,14.32653166118421,14.32653166118421
2021-05-05T19:04:55.000Z,57344,57344,14.228410993303571,14.228410993303571
2021-05-05T19:04:56.000Z,59392,59392,14.09674703663793,14.09674703663793
2021-05-05T19:04:57.000Z,57344,57344,14.372593470982142,14.372593470982142
2021-05-05T19:04:58.000Z,59392,59392,14.12249124461207,14.12249124461207
2021-05-05T19:04:59.000Z,59149,59149,13.968638523051954,13.968638523051954
2021-05-05T19:05:00.000Z,58611,58611,14.225299005306171,14.225299005306171
2021-05-05T19:05:01.000Z,58368,58368,14.164507949561404,14.164507949561404
2021-05-05T19:05:02.000Z,57344,57344,14.627790178571429,14.627790178571429
2021-05-05T19:05:03.000Z,55296,55296,15.094816984953704,15.094816984953704
2021-05-05T19:05:04.000Z,54272,54272,15.200619103773585,15.200619103773585
2021-05-05T19:05:05.000Z,58673,58673,14.160840591072555,14.160840591072555
2021-05-05T19:05:06.000Z,58063,58063,14.129411156846873,14.129411156846873
2021-05-05T19:05:07.000Z,58368,58368,14.1552734375,14.1552734375
2021-05-05T19:05:08.000Z,59392,59392,14.135506465517242,14.135506465517242
2021-05-05T19:05:09.000Z,58368,58368,14.138740405701755,14.138740405701755
2021-05-05T19:05:10.000Z,59392,59392,14.080414870689655,14.080414870689655
2021-05-05T19:05:11.000Z,58368,58368,14.42920778508772,14.42920778508772
2021-05-05T19:05:12.000Z,58368,58368,14.101476836622806,14.101476836622806
2021-05-05T19:05:13.000Z,58368,58368,14.247772752192983,14.247772752192983
2021-05-05T19:05:14.000Z,58368,58368,14.173793859649123,14.173793859649123
2021-05-05T19:05:15.000Z,58368,58368,14.121847587719298,14.121847587719298
2021-05-05T19:05:16.000Z,59392,59392,14.052986934267242,14.052986934267242
2021-05-05T19:05:17.000Z,59392,59392,14.168322332974139,14.168322332974139
2021-05-05T19:05:18.000Z,58368,58368,14.236345257675438,14.236345257675438
2021-05-05T19:05:19.000Z,59392,59392,14.04510708512931,14.04510708512931
2021-05-05T19:05:20.000Z,58368,58368,14.039388020833334,14.039388020833334
2021-05-05T19:05:21.000Z,59104,59104,14.114797644829453,14.114797644829453
2021-05-05T19:05:22.000Z,58656,58656,14.01628136933988,14.01628136933988
2021-05-05T19:05:23.000Z,58421,58421,14.085328905701717,14.085328905701717
2021-05-05T19:05:24.000Z,59249,59249,14.074414758054989,14.074414758054989
2021-05-05T19:05:25.000Z,58458,58458,14.121471825926307,14.121471825926307
2021-05-05T19:05:26.000Z,57344,57344,14.427873883928571,14.427873883928571
2021-05-05T19:05:27.000Z,59392,59392,14.075902478448276,14.075902478448276
2021-05-05T19:05:28.000Z,59392,59392,14.153438173491379,14.153438173491379
2021-05-05T19:05:29.000Z,59392,59392,14.207149110991379,14.207149110991379
2021-05-05T19:05:30.000Z,58368,58368,14.216745476973685,14.216745476973685
2021-05-05T19:05:31.000Z,58368,58368,14.080472176535087,14.080472176535087
2021-05-05T19:05:32.000Z,59253,59253,14.145899785664861,14.145899785664861
2021-05-05T19:05:33.000Z,57483,57483,14.152566845850078,14.152566845850078
2021-05-05T19:05:34.000Z,59392,59392,14.059469288793103,14.059469288793103
2021-05-05T19:05:35.000Z,53248,53248,15.334303635817308,15.334303635817308
2021-05-05T19:05:36.000Z,55296,55296,15.192491319444445,15.192491319444445
2021-05-05T19:05:37.000Z,54931,54931,15.073910906409859,15.073910906409859
2021-05-05T19:05:38.000Z,57709,57709,14.155538997383424,14.155538997383424
2021-05-05T19:05:39.000Z,57344,57344,14.155953543526786,14.155953543526786
2021-05-05T19:05:40.000Z,57344,57344,14.313232421875,14.313232421875
2021-05-05T19:05:41.000Z,58368,58368,14.141807154605264,14.141807154605264
2021-05-05T19:05:42.000Z,58368,58368,14.150596217105264,14.150596217105264
2021-05-05T19:05:43.000Z,58368,58368,14.135656524122806,14.135656524122806
2021-05-05T19:05:44.000Z,57344,57344,14.166259765625,14.166259765625
2021-05-05T19:05:45.000Z,58368,58368,14.16577576754386,14.16577576754386
2021-05-05T19:05:46.000Z,58368,58368,14.051175301535087,14.051175301535087
2021-05-05T19:05:47.000Z,57401,57401,14.181216355115765,14.181216355115765
2021-05-05T19:05:48.000Z,58311,58311,14.192107835571333,14.192107835571333
2021-05-05T19:05:49.000Z,57344,57344,14.141863141741071,14.141863141741071
2021-05-05T19:05:50.000Z,58382,58382,14.209756431776917,14.209756431776917
2021-05-05T19:05:51.000Z,58354,58354,14.194896665181478,14.194896665181478
2021-05-05T19:05:52.000Z,59392,59392,14.17364291487069,14.17364291487069
2021-05-05T19:05:53.000Z,57344,57344,14.215070452008929,14.215070452008929
2021-05-05T19:05:54.000Z,58368,58368,14.102350603070175,14.102350603070175
2021-05-05T19:05:55.000Z,58368,58368,14.535961485745615,14.535961485745615
2021-05-05T19:05:56.000Z,58368,58368,14.132606907894736,14.132606907894736
2021-05-05T19:05:57.000Z,57344,57344,14.150913783482142,14.150913783482142
2021-05-05T19:05:58.000Z,58368,58368,14.219503837719298,14.219503837719298
2021-05-05T19:05:59.000Z,58368,58368,14.270216557017545,14.270216557017545
2021-05-05T19:06:00.000Z,58368,58368,14.173057154605264,14.173057154605264
2021-05-05T19:06:01.000Z,58368,58368,14.068188048245615,14.068188048245615
2021-05-05T19:06:02.000Z,57599,57599,14.360995850622407,14.360995850622407
2021-05-05T19:06:03.000Z,57730,57730,14.38856746925342,14.38856746925342
2021-05-05T19:06:04.000Z,57727,57727,14.263325653507025,14.263325653507025
2021-05-05T19:06:05.000Z,59392,59392,14.181741648706897,14.181741648706897
2021-05-05T19:06:06.000Z,57344,57344,14.231741768973214,14.231741768973214
2021-05-05T19:06:07.000Z,57344,57344,14.649640764508929,14.649640764508929
2021-05-05T19:06:08.000Z,51200,51200,16.54638671875,16.54638671875
2021-05-05T19:06:09.000Z,58368,58368,14.113863760964913,14.113863760964913
2021-05-05T19:06:10.000Z,58368,58368,14.192228618421053,14.192228618421053
2021-05-05T19:06:11.000Z,58368,58368,14.198944627192983,14.198944627192983
2021-05-05T19:06:12.000Z,58368,58368,14.093098958333334,14.093098958333334
2021-05-05T19:06:13.000Z,58368,58368,14.147666529605264,14.147666529605264
2021-05-05T19:06:14.000Z,58368,58368,14.164353755482455,14.164353755482455
2021-05-05T19:06:15.000Z,58368,58368,14.164884868421053,14.164884868421053
2021-05-05T19:06:16.000Z,58368,58368,14.16125274122807,14.16125274122807
2021-05-05T19:06:17.000Z,58368,58368,14.224386650219298,14.224386650219298
2021-05-05T19:06:18.000Z,57344,57344,14.18408203125,14.18408203125
2021-05-05T19:06:19.000Z,58368,58368,14.195826480263158,14.195826480263158
2021-05-05T19:06:20.000Z,58368,58368,14.146021792763158,14.146021792763158
2021-05-05T19:06:21.000Z,58979,58979,14.16080299767714,14.16080299767714
2021-05-05T19:06:22.000Z,57757,57757,14.172533199439028,14.172533199439028
2021-05-05T19:06:23.000Z,58368,58368,14.16956208881579,14.16956208881579
2021-05-05T19:06:24.000Z,57344,57344,14.5736083984375,14.5736083984375
2021-05-05T19:06:25.000Z,58368,58368,14.13916872258772,14.13916872258772
2021-05-05T19:06:26.000Z,58318,58318,14.270242463733323,14.270242463733323
2021-05-05T19:06:27.000Z,58025,58025,14.167186557518312,14.167186557518312
2021-05-05T19:06:28.000Z,58761,58761,14.075339085447832,14.075339085447832
2021-05-05T19:06:29.000Z,57344,57344,14.469552176339286,14.469552176339286
2021-05-05T19:06:30.000Z,59392,59392,14.293894800646552,14.293894800646552
2021-05-05T19:06:31.000Z,58368,58368,14.126079358552632,14.126079358552632
2021-05-05T19:06:32.000Z,57344,57344,14.219517299107142,14.219517299107142
2021-05-05T19:06:33.000Z,58368,58368,14.08862733004386,14.08862733004386
2021-05-05T19:06:34.000Z,58368,58368,14.21081757127193,14.21081757127193
2021-05-05T19:06:35.000Z,57344,57344,14.154227120535714,14.154227120535714
2021-05-05T19:06:36.000Z,59392,59392,14.24627896012931,14.24627896012931
2021-05-05T19:06:37.000Z,58368,58368,14.108329906798245,14.108329906798245
2021-05-05T19:06:38.000Z,58368,58368,14.115628426535087,14.115628426535087
2021-05-05T19:06:39.000Z,43008,43008,20.360979352678573,20.360979352678573
2021-05-05T19:06:40.000Z,55296,55296,14.983760127314815,14.983760127314815
2021-05-05T19:06:41.000Z,57581,57581,14.102655389798718,14.102655389798718
2021-05-05T19:06:42.000Z,59155,59155,14.159090524892232,14.159090524892232
2021-05-05T19:06:43.000Z,57344,57344,14.250348772321429,14.250348772321429
2021-05-05T19:06:44.000Z,58368,58368,14.17151521381579,14.17151521381579
2021-05-05T19:06:45.000Z,57505,57505,14.111259890444309,14.111259890444309
2021-05-05T19:06:46.000Z,58207,58207,14.180236054082842,14.180236054082842
2021-05-05T19:06:47.000Z,58368,58368,14.15186403508772,14.15186403508772
2021-05-05T19:06:48.000Z,58368,58368,14.100328947368421,14.100328947368421
2021-05-05T19:06:49.000Z,57344,57344,14.105015345982142,14.105015345982142
2021-05-05T19:06:50.000Z,58368,58368,14.060958059210526,14.060958059210526
2021-05-05T19:06:51.000Z,58368,58368,14.310529742324562,14.310529742324562
2021-05-05T19:06:52.000Z,58368,58368,14.048074287280702,14.048074287280702
2021-05-05T19:06:53.000Z,57344,57344,14.156581333705358,14.156581333705358
2021-05-05T19:06:54.000Z,59392,59392,14.25958041487069,14.25958041487069
2021-05-05T19:06:55.000Z,58368,58368,14.072334155701755,14.072334155701755
2021-05-05T19:06:56.000Z,58368,58368,14.192588404605264,14.192588404605264
2021-05-05T19:06:57.000Z,56960,56960,14.227844101123596,14.227844101123596
2021-05-05T19:06:58.000Z,58752,58752,14.131859340958606,14.131859340958606
2021-05-05T19:06:59.000Z,58368,58368,14.155564692982455,14.155564692982455
2021-05-05T19:07:00.000Z,58876,58876,14.06776954956179,14.06776954956179
2021-05-05T19:07:01.000Z,57860,57860,14.196819910127894,14.196819910127894
2021-05-05T19:07:02.000Z,58368,58368,14.113486842105264,14.113486842105264
2021-05-05T19:07:03.000Z,59050,59050,14.044826418289585,14.044826418289585
2021-05-05T19:07:04.000Z,58710,58710,14.114733435530574,14.114733435530574
2021-05-05T19:07:05.000Z,57344,57344,14.3306884765625,14.3306884765625
2021-05-05T19:07:06.000Z,57630,57630,14.077147319104633,14.077147319104633
2021-05-05T19:07:07.000Z,46818,46818,18.48647955914392,18.48647955914392
2021-05-05T19:07:08.000Z,54272,54272,15.467294369103774,15.467294369103774
2021-05-05T19:07:09.000Z,58368,58368,14.117256030701755,14.117256030701755
2021-05-05T19:07:10.000Z,59392,59392,13.920426993534482,13.920426993534482
2021-05-05T19:07:11.000Z,57344,57344,14.021030970982142,14.021030970982142
2021-05-05T19:07:12.000Z,59209,59209,14.05818372206928,14.05818372206928
2021-05-05T19:07:13.000Z,57527,57527,13.99817477010795,13.99817477010795
2021-05-05T19:07:14.000Z,58368,58368,14.188305235745615,14.188305235745615
2021-05-05T19:07:15.000Z,59392,59392,14.157378098060345,14.157378098060345
2021-05-05T19:07:16.000Z,58368,58368,14.21863007127193,14.21863007127193
2021-05-05T19:07:17.000Z,58368,58368,14.12145353618421,14.12145353618421
2021-05-05T19:07:18.000Z,58368,58368,14.057634320175438,14.057634320175438
2021-05-05T19:07:19.000Z,59392,59392,14.165140086206897,14.165140086206897
2021-05-05T19:07:20.000Z,57344,57344,13.968052455357142,13.968052455357142
2021-05-05T19:07:21.000Z,58368,58368,14.066800301535087,14.066800301535087
2021-05-05T19:07:22.000Z,58399,58399,14.059264713436875,14.059264713436875
2021-05-05T19:07:23.000Z,58337,58337,14.421499220049025,14.421499220049025
2021-05-05T19:07:24.000Z,58368,58368,14.171155427631579,14.171155427631579
2021-05-05T19:07:25.000Z,58368,58368,14.106513843201755,14.106513843201755
2021-05-05T19:07:26.000Z,57344,57344,14.119402204241071,14.119402204241071
2021-05-05T19:07:27.000Z,58368,58368,14.131870202850877,14.131870202850877
2021-05-05T19:07:28.000Z,57344,57344,14.256277901785714,14.256277901785714
2021-05-05T19:07:29.000Z,58368,58368,14.161064281798245,14.161064281798245
2021-05-05T19:07:30.000Z,58368,58368,14.166940789473685,14.166940789473685
2021-05-05T19:07:31.000Z,58710,58710,14.10885709419179,14.10885709419179
2021-05-05T19:07:32.000Z,58026,58026,14.27058559955882,14.27058559955882
2021-05-05T19:07:33.000Z,58368,58368,14.171429550438596,14.171429550438596
2021-05-05T19:07:34.000Z,57289,57289,14.220391349124613,14.220391349124613
2021-05-05T19:07:35.000Z,58423,58423,14.111719699433442,14.111719699433442
2021-05-05T19:07:36.000Z,58368,58368,14.079547012061404,14.079547012061404
2021-05-05T19:07:37.000Z,57344,57344,14.398507254464286,14.398507254464286
2021-05-05T19:07:38.000Z,58771,58771,14.078576168518486,14.078576168518486
2021-05-05T19:07:39.000Z,58989,58989,14.1535710047636,14.1535710047636
2021-05-05T19:07:40.000Z,57344,57344,14.332223074776786,14.332223074776786
2021-05-05T19:07:41.000Z,52224,52224,16.367685355392158,16.367685355392158
2021-05-05T19:07:42.000Z,57344,57344,14.129690987723214,14.129690987723214
2021-05-05T19:07:43.000Z,58368,58368,14.082905016447368,14.082905016447368
2021-05-05T19:07:44.000Z,58368,58368,14.19214295504386,14.19214295504386
2021-05-05T19:07:45.000Z,58368,58368,14.184553179824562,14.184553179824562
2021-05-05T19:07:46.000Z,58368,58368,14.212462308114034,14.212462308114034
2021-05-05T19:07:47.000Z,58368,58368,14.190532483552632,14.190532483552632
2021-05-05T19:07:48.000Z,58368,58368,14.11304139254386,14.11304139254386
2021-05-05T19:07:49.000Z,58368,58368,14.105194627192983,14.105194627192983
2021-05-05T19:07:50.000Z,57405,57405,14.09570594895915,14.09570594895915
2021-05-05T19:07:51.000Z,59331,59331,14.151354266740826,14.151354266740826
2021-05-05T19:07:52.000Z,57344,57344,14.525408063616071,14.525408063616071
2021-05-05T19:07:53.000Z,58368,58368,13.965152138157896,13.965152138157896
2021-05-05T19:07:54.000Z,58368,58368,14.244928728070175,14.244928728070175
2021-05-05T19:07:55.000Z,58368,58368,14.156027275219298,14.156027275219298
2021-05-05T19:07:56.000Z,59392,59392,14.131516029094827,14.131516029094827
2021-05-05T19:07:57.000Z,58368,58368,14.102641858552632,14.102641858552632
2021-05-05T19:07:58.000Z,57344,57344,14.1693115234375,14.1693115234375
2021-05-05T19:07:59.000Z,58368,58368,14.168791118421053,14.168791118421053
2021-05-05T19:08:00.000Z,58368,58368,14.068136650219298,14.068136650219298
2021-05-05T19:08:01.000Z,58368,58368,14.101117050438596,14.101117050438596
2021-05-05T19:08:02.000Z,58368,58368,14.084772478070175,14.084772478070175
2021-05-05T19:08:03.000Z,58368,58368,14.196014939692983,14.196014939692983
2021-05-05T19:08:04.000Z,57344,57344,14.390380859375,14.390380859375
2021-05-05T19:08:05.000Z,58121,58121,14.222036785327163,14.222036785327163
2021-05-05T19:08:06.000Z,58615,58615,14.5225795444852,14.5225795444852
2021-05-05T19:08:07.000Z,58368,58368,14.248954906798245,14.248954906798245
2021-05-05T19:08:08.000Z,57344,57344,14.142892020089286,14.142892020089286
2021-05-05T19:08:09.000Z,57344,57344,14.195417131696429,14.195417131696429
2021-05-05T19:08:10.000Z,58368,58368,14.01733826754386,14.01733826754386
2021-05-05T19:08:11.000Z,59392,59392,14.150845231681034,14.150845231681034
2021-05-05T19:08:12.000Z,49152,49152,16.515706380208332,16.515706380208332
2021-05-05T19:08:13.000Z,56320,56320,14.806019176136363,14.806019176136363
2021-05-05T19:08:14.000Z,58368,58368,14.237116228070175,14.237116228070175
2021-05-05T19:08:15.000Z,57613,57613,14.136913543818235,14.136913543818235
2021-05-05T19:08:16.000Z,58099,58099,14.167954698015457,14.167954698015457
2021-05-05T19:08:17.000Z,58368,58368,14.145130893640351,14.145130893640351
2021-05-05T19:08:18.000Z,58368,58368,14.080026726973685,14.080026726973685
2021-05-05T19:08:19.000Z,58368,58368,14.210474917763158,14.210474917763158
2021-05-05T19:08:20.000Z,58368,58368,14.05151795504386,14.05151795504386
2021-05-05T19:08:21.000Z,58368,58368,14.194507264254385,14.194507264254385
2021-05-05T19:08:22.000Z,58368,58368,14.240611293859649,14.240611293859649
2021-05-05T19:08:23.000Z,58368,58368,14.126661869517545,14.126661869517545
2021-05-05T19:08:24.000Z,58368,58368,14.158545778508772,14.158545778508772
2021-05-05T19:08:25.000Z,57344,57344,14.182233537946429,14.182233537946429
2021-05-05T19:08:26.000Z,58368,58368,14.042677494517545,14.042677494517545
2021-05-05T19:08:27.000Z,58368,58368,14.097193667763158,14.097193667763158
2021-05-05T19:08:28.000Z,58368,58368,14.124400356359649,14.124400356359649
2021-05-05T19:08:29.000Z,57344,57344,14.2882080078125,14.2882080078125
2021-05-05T19:08:30.000Z,58368,58368,14.28686951754386,14.28686951754386
2021-05-05T19:08:31.000Z,57344,57344,14.324916294642858,14.324916294642858
2021-05-05T19:08:32.000Z,59392,59392,14.21484375,14.21484375
2021-05-05T19:08:33.000Z,57344,57344,14.166486467633929,14.166486467633929
2021-05-05T19:08:34.000Z,58423,58423,14.139431388323091,14.139431388323091
2021-05-05T19:08:35.000Z,58313,58313,14.271551798055322,14.271551798055322
2021-05-05T19:08:36.000Z,57344,57344,14.551740373883929,14.551740373883929
2021-05-05T19:08:37.000Z,59392,59392,14.085230334051724,14.085230334051724
2021-05-05T19:08:38.000Z,58368,58368,14.094983552631579,14.094983552631579
2021-05-05T19:08:39.000Z,58368,58368,14.263157894736842,14.263157894736842
2021-05-05T19:08:40.000Z,58197,58197,14.10064092650824,14.10064092650824
2021-05-05T19:08:41.000Z,57515,57515,14.165556811266626,14.165556811266626
2021-05-05T19:08:42.000Z,58368,58368,14.124074835526315,14.124074835526315
2021-05-05T19:08:43.000Z,51200,51200,16.3720703125,16.3720703125
2021-05-05T19:08:44.000Z,55205,55205,15.23338465718685,15.23338465718685
2021-05-05T19:08:45.000Z,58459,58459,14.167074359807728,14.167074359807728
2021-05-05T19:08:46.000Z,58368,58368,14.091865405701755,14.091865405701755
2021-05-05T19:08:47.000Z,58368,58368,14.106068393640351,14.106068393640351
2021-05-05T19:08:48.000Z,58368,58368,14.001422012061404,14.001422012061404
2021-05-05T19:08:49.000Z,58368,58368,14.233535498903509,14.233535498903509
2021-05-05T19:08:50.000Z,58368,58368,14.392869380482455,14.392869380482455
2021-05-05T19:08:51.000Z,58368,58368,14.04918791118421,14.04918791118421
2021-05-05T19:08:52.000Z,57355,57355,14.030180455060588,14.030180455060588
2021-05-05T19:08:53.000Z,59381,59381,14.09083713645779,14.09083713645779
2021-05-05T19:08:54.000Z,58256,58256,14.081811315572645,14.081811315572645
2021-05-05T19:08:55.000Z,57456,57456,14.19447925368978,14.19447925368978
2021-05-05T19:08:56.000Z,58368,58368,14.387010005482455,14.387010005482455
2021-05-05T19:08:57.000Z,58368,58368,14.212890625,14.212890625
2021-05-05T19:08:58.000Z,58368,58368,14.077816611842104,14.077816611842104
2021-05-05T19:08:59.000Z,58368,58368,14.166032757675438,14.166032757675438
2021-05-05T19:09:00.000Z,57344,57344,14.202671595982142,14.202671595982142
2021-05-05T19:09:01.000Z,59392,59392,14.041857489224139,14.041857489224139
2021-05-05T19:09:02.000Z,58368,58368,14.112767269736842,14.112767269736842
2021-05-05T19:09:03.000Z,60416,60416,14.189105534957626,14.189105534957626
2021-05-05T19:09:04.000Z,57344,57344,14.134486607142858,14.134486607142858
2021-05-05T19:09:05.000Z,57640,57640,14.58088133240805,14.58088133240805
2021-05-05T19:09:06.000Z,59096,59096,14.205868417490185,14.205868417490185
2021-05-05T19:09:07.000Z,57344,57344,14.281720842633929,14.281720842633929
2021-05-05T19:09:08.000Z,57944,57944,14.240335496341295,14.240335496341295
2021-05-05T19:09:09.000Z,57166,57166,14.201553370884792,14.201553370884792
2021-05-05T19:09:10.000Z,57946,57946,14.10687536672074,14.10687536672074
2021-05-05T19:09:11.000Z,59392,59392,14.213429418103448,14.213429418103448
2021-05-05T19:09:12.000Z,58368,58368,14.09130002741228,14.09130002741228
2021-05-05T19:09:13.000Z,57344,57344,14.186331612723214,14.186331612723214
2021-05-05T19:09:14.000Z,48128,48128,18.111078789893618,18.111078789893618
2021-05-05T19:09:15.000Z,53248,53248,15.707012469951923,15.707012469951923
2021-05-05T19:09:16.000Z,58368,58368,14.00512266995614,14.00512266995614
2021-05-05T19:09:17.000Z,58368,58368,14.134834155701755,14.134834155701755
2021-05-05T19:09:18.000Z,58368,58368,14.13915158991228,14.13915158991228
2021-05-05T19:09:19.000Z,59392,59392,13.96686422413793,13.96686422413793
2021-05-05T19:09:20.000Z,57344,57344,14.3192138671875,14.3192138671875
2021-05-05T19:09:21.000Z,58368,58368,14.123389528508772,14.123389528508772
2021-05-05T19:09:22.000Z,58368,58368,14.058131167763158,14.058131167763158
2021-05-05T19:09:23.000Z,58368,58368,14.212873492324562,14.212873492324562
2021-05-05T19:09:24.000Z,59264,59264,13.97926228401728,13.97926228401728
2021-05-05T19:09:25.000Z,57472,57472,14.21405206013363,14.21405206013363
2021-05-05T19:09:26.000Z,57344,57344,14.084908621651786,14.084908621651786
2021-05-05T19:09:27.000Z,57344,57344,14.115565708705358,14.115565708705358
2021-05-05T19:09:28.000Z,58368,58368,14.220703125,14.220703125
2021-05-05T19:09:29.000Z,58113,58113,14.287801352537299,14.287801352537299
2021-05-05T19:09:30.000Z,58623,58623,14.187588489159545,14.187588489159545
2021-05-05T19:09:31.000Z,57344,57344,14.182948521205358,14.182948521205358
2021-05-05T19:09:32.000Z,58368,58368,14.203998766447368,14.203998766447368
2021-05-05T19:09:33.000Z,58368,58368,14.182480126096491,14.182480126096491
2021-05-05T19:09:34.000Z,57344,57344,14.538103376116071,14.538103376116071
2021-05-05T19:09:35.000Z,58368,58368,14.161098547149123,14.161098547149123
2021-05-05T19:09:36.000Z,58368,58368,14.112733004385966,14.112733004385966
2021-05-05T19:09:37.000Z,59008,59008,14.175637201735357,14.175637201735357
2021-05-05T19:09:38.000Z,58752,58752,14.070669934640524,14.070669934640524
2021-05-05T19:09:39.000Z,58112,58112,14.273231002202643,14.273231002202643
2021-05-05T19:09:40.000Z,57600,57600,14.204149305555555,14.204149305555555
2021-05-05T19:09:41.000Z,58368,58368,14.075897752192983,14.075897752192983
2021-05-05T19:09:42.000Z,57344,57344,14.067574637276786,14.067574637276786
2021-05-05T19:09:43.000Z,58368,58368,14.219983552631579,14.219983552631579
2021-05-05T19:09:44.000Z,59008,59008,14.20698888286334,14.20698888286334
2021-05-05T19:09:45.000Z,54656,54656,14.931206088992974,14.931206088992974
2021-05-05T19:09:46.000Z,50176,50176,16.714066485969386,16.714066485969386
2021-05-05T19:09:47.000Z,57344,57344,14.360822405133929,14.360822405133929
2021-05-05T19:09:48.000Z,58368,58368,14.224335252192983,14.224335252192983
2021-05-05T19:09:49.000Z,57861,57861,14.480444513575637,14.480444513575637
2021-05-05T19:09:50.000Z,58875,58875,14.325248407643311,14.325248407643311
2021-05-05T19:09:51.000Z,57344,57344,14.133544921875,14.133544921875
2021-05-05T19:09:52.000Z,58368,58368,14.217636376096491,14.217636376096491
2021-05-05T19:09:53.000Z,58368,58368,14.152446546052632,14.152446546052632
2021-05-05T19:09:54.000Z,58368,58368,14.149122807017545,14.149122807017545
2021-05-05T19:09:55.000Z,58368,58368,14.230674342105264,14.230674342105264
2021-05-05T19:09:56.000Z,58368,58368,14.208607456140351,14.208607456140351
2021-05-05T19:09:57.000Z,58368,58368,14.237390350877194,14.237390350877194
2021-05-05T19:09:58.000Z,58329,58329,14.360506780503695,14.360506780503695
2021-05-05T19:09:59.000Z,58407,58407,14.25765747256322,14.25765747256322
2021-05-05T19:10:00.000Z,58368,58368,14.128032483552632,14.128032483552632
2021-05-05T19:10:01.000Z,58368,58368,14.281438459429825,14.281438459429825
2021-05-05T19:10:02.000Z,57344,57344,14.229945591517858,14.229945591517858
2021-05-05T19:10:03.000Z,57344,57344,14.470371791294642,14.470371791294642
2021-05-05T19:10:04.000Z,58368,58368,14.074749862938596,14.074749862938596
2021-05-05T19:10:05.000Z,57344,57344,14.207693917410714,14.207693917410714
2021-05-05T19:10:06.000Z,58368,58368,14.132538377192983,14.132538377192983
2021-05-05T19:10:07.000Z,58368,58368,14.112150493421053,14.112150493421053
2021-05-05T19:10:08.000Z,57344,57344,14.122227260044642,14.122227260044642
2021-05-05T19:10:09.000Z,59392,59392,14.16608297413793,14.16608297413793
2021-05-05T19:10:10.000Z,58368,58368,14.106136924342104,14.106136924342104
2021-05-05T19:10:11.000Z,58490,58490,14.232073858779279,14.232073858779279
2021-05-05T19:10:12.000Z,58246,58246,14.207894104316177,14.207894104316177
2021-05-05T19:10:13.000Z,58022,58022,14.088311330185102,14.088311330185102
2021-05-05T19:10:14.000Z,58583,58583,14.170117610911015,14.170117610911015
2021-05-05T19:10:15.000Z,58311,58311,14.072319116461731,14.072319116461731
2021-05-05T19:10:16.000Z,57532,57532,14.199993047347563,14.199993047347563
2021-05-05T19:10:17.000Z,54272,54272,15.572744693396226,15.572744693396226
2021-05-05T19:10:18.000Z,56320,56320,14.804829545454545,14.804829545454545
2021-05-05T19:10:19.000Z,59198,59198,14.112013919389168,14.112013919389168
2021-05-05T19:10:20.000Z,57538,57538,14.0932948660016,14.0932948660016
2021-05-05T19:10:21.000Z,59392,59392,14.049568965517242,14.049568965517242
2021-05-05T19:10:22.000Z,57984,57984,14.14385002759382,14.14385002759382
2021-05-05T19:10:23.000Z,58105,58105,14.152603046209448,14.152603046209448
2021-05-05T19:10:24.000Z,59015,59015,14.149453528763873,14.149453528763873
2021-05-05T19:10:25.000Z,58368,58368,14.198036595394736,14.198036595394736
2021-05-05T19:10:26.000Z,58368,58368,14.109340734649123,14.109340734649123
2021-05-05T19:10:27.000Z,58368,58368,14.140916255482455,14.140916255482455
2021-05-05T19:10:28.000Z,47488,47488,14.20329346361186,14.20329346361186
2021-05-05T19:10:29.000Z,2560,2560,13.739453125,13.739453125
